Pot,Day,Recovery day,Genotype,FTSW,NCR (not by highest),NTR,Experiment,ID,Comment on data point,Excluded selection,phase
1,1,,PI 471938,0.875949367,0.979243968,0.986711075,GH,1GH,,,Drying phase
1,2,,PI 471938,0.830379747,0.970141402,0.971406985,GH,1GH,,,Drying phase
1,3,,PI 471938,0.6,1.013840862,1.018880079,GH,1GH,,,Drying phase
1,4,,PI 471938,0.425316456,1.036773768,1.023001861,GH,1GH,,,Drying phase
1,5,,PI 471938,0.301265823,1.035512776,1.009307512,GH,1GH,,,Drying phase
1,6,,PI 471938,0.235443038,1.082177206,1.016770596,GH,1GH,,,Drying phase
1,7,,PI 471938,0.108860759,0.767642263,0.68835529,GH,1GH,,,Drying phase
1,8,,PI 471938,0.106329114,0.57358316,0.485230097,GH,1GH,,,Drying phase
1,9,,PI 471938,0.096202532,0.564955643,0.458719965,GH,1GH,,,Drying phase
1,10,,PI 471938,0.070886076,0.387260717,0.299816971,GH,1GH,,,Drying phase
1,11,,PI 471938,0.060759494,0.345541133,0.25597022,GH,1GH,,,Drying phase
1,12,,PI 471938,0.027848101,0.198477091,0.140877854,GH,1GH,,,Drying phase
1,13,0,PI 471938,0,0.152389574,0.104882969,GH,1GH,,,Recovery phase
1,14,1,PI 471938,,0.379757871,0.261780489,GH,1GH,,,Recovery phase
1,15,2,PI 471938,,0.751455583,0.511536064,GH,1GH,,,Recovery phase
1,16,3,PI 471938,,0.72203923,0.48595926,GH,1GH,,,Recovery phase
1,17,4,PI 471938,,0.79404299,0.535550925,GH,1GH,,,Recovery phase
1,18,5,PI 471938,,1.009126469,0.683127275,GH,1GH,,,Recovery phase
1,19,,PI 471938,,,,GH,1GH,,,Drying phase
1,20,,PI 471938,,,,GH,1GH,,,Drying phase
1,21,,PI 471938,,,,GH,1GH,,,Drying phase
5,1,,PI 471938,0.917737789,0.865970488,0.881566213,GH,5GH,,,Drying phase
5,2,,PI 471938,0.879177378,1.10591411,1.107467555,GH,5GH,,,Drying phase
5,3,,PI 471938,0.709511568,1.028115402,1.010966233,GH,5GH,,,Drying phase
5,4,,PI 471938,0.59125964,0.972562746,0.933031273,GH,5GH,,,Drying phase
5,5,,PI 471938,0.506426735,0.983508697,0.929934588,GH,5GH,,,Drying phase
5,6,,PI 471938,0.457583548,1.102080999,1.016516113,GH,5GH,,,Drying phase
5,7,,PI 471938,0.311053985,1.175324367,1.073565487,GH,5GH,,,Drying phase
5,8,,PI 471938,0.249357326,1.149702329,1.036226952,GH,5GH,,,Drying phase
5,9,,PI 471938,0.143958869,0.871224247,0.756769496,GH,5GH,,,Drying phase
5,10,,PI 471938,0.105398458,0.618376508,0.512716461,GH,5GH,,,Drying phase
5,11,,PI 471938,0.089974293,0.476366919,0.37936965,GH,5GH,,,Drying phase
5,12,,PI 471938,0.048843188,0.310861366,0.237208579,GH,5GH,,,Drying phase
5,13,,PI 471938,0.023136247,0.175428924,0.130443764,GH,5GH,,,Drying phase
5,14,0,PI 471938,0,0.200479805,0.123970249,GH,5GH,,,Drying phase
5,15,1,PI 471938,,0.430948589,0.26243307,GH,5GH,,,Recovery phase
5,16,2,PI 471938,,0.695105386,0.419892912,GH,5GH,,,Recovery phase
5,17,3,PI 471938,,0.973950106,0.591776556,GH,5GH,,,Recovery phase
5,18,4,PI 471938,,1.069598979,0.654200243,GH,5GH,,,Recovery phase
5,19,5,PI 471938,,1.043614246,0.637233315,GH,5GH,,,Recovery phase
5,20,,PI 471938,,,,GH,5GH,,,Drying phase
5,21,,PI 471938,,,,GH,5GH,,,Drying phase
6,1,,PI 471938,0.929782082,0.844150303,0.861752217,GH,6GH,,,Drying phase
6,2,,PI 471938,0.898305085,1.036629945,1.035291284,GH,6GH,,,Drying phase
6,3,,PI 471938,0.757869249,0.950972676,0.958297071,GH,6GH,,,Drying phase
6,4,,PI 471938,0.646489104,1.012397379,1.006411645,GH,6GH,,,Drying phase
6,5,,PI 471938,0.569007264,0.989974919,0.972675311,GH,6GH,,,Drying phase
6,6,,PI 471938,0.527845036,1.001054485,0.981045252,GH,6GH,,,Drying phase
6,7,,PI 471938,0.387409201,1.144050792,1.178314256,GH,6GH,,,Drying phase
6,8,,PI 471938,0.297820823,1.257340993,1.344760946,GH,6GH,,,Drying phase
6,9,,PI 471938,0.196125908,0.979107347,1.035291284,GH,6GH,,,Drying phase
6,10,,PI 471938,0.138014528,0.734735952,0.752134693,GH,6GH,,,Drying phase
6,11,,PI 471938,0.10653753,0.523296141,0.519376898,GH,6GH,,,Drying phase
6,12,,PI 471938,0.072639225,0.401758221,0.383796583,GH,6GH,,,Drying phase
6,13,,PI 471938,0.062953995,0.363592702,0.337686747,GH,6GH,,,Drying phase
6,14,,PI 471938,0.02905569,0.232801614,0.208009156,GH,6GH,,,Drying phase
6,15,,PI 471938,0.00968523,0.176991539,0.150972116,GH,6GH,,,Drying phase
6,16,0,PI 471938,0,0.100531919,0.075486058,GH,6GH,,,Drying phase
6,17,1,PI 471938,,0.159547838,0.121584414,GH,6GH,,,Recovery phase
6,18,2,PI 471938,,0.581804714,0.453632987,GH,6GH,,,Recovery phase
6,19,3,PI 471938,,0.567079186,0.450332747,GH,6GH,,,Recovery phase
6,20,4,PI 471938,,0.663822055,0.556738357,GH,6GH,,,Recovery phase
6,21,5,PI 471938,,1.038037924,0.910813446,GH,6GH,,,Recovery phase
7,1,,PI 471938,0.884931507,0.904164108,0.942014862,GH,7GH,,,Drying phase
7,2,,PI 471938,0.835616438,1.075472745,1.081971356,GH,7GH,,,Drying phase
7,3,,PI 471938,0.619178082,0.998639243,0.985197523,GH,7GH,,,Drying phase
7,4,,PI 471938,0.454794521,1.021723904,0.99081626,GH,7GH,,,Drying phase
7,5,,PI 471938,0.334246575,1.052839693,1.009472851,GH,7GH,,,Drying phase
7,6,,PI 471938,0.271232877,1.070943977,1.001825329,GH,7GH,,,Drying phase
7,7,,PI 471938,0.120547945,0.935692313,0.843373364,GH,7GH,,,Drying phase
7,8,,PI 471938,0.090410959,0.78901181,0.672277524,GH,7GH,,,Drying phase
7,9,,PI 471938,0.043835616,0.314383867,0.255465459,GH,7GH,,,Drying phase
7,10,,PI 471938,0.049315068,0.386866484,0.300547599,GH,7GH,,,Drying phase
7,11,,PI 471938,0.02739726,0.28888755,0.213828331,GH,7GH,,,Drying phase
7,12,0,PI 471938,0,0.170190315,0.120701847,GH,7GH,,,Drying phase
7,13,1,PI 471938,,0.411840395,0.297361582,GH,7GH,,,Recovery phase
7,14,2,PI 471938,,1.092537536,0.785012385,GH,7GH,,,Recovery phase
7,15,3,PI 471938,,1.227687707,0.868881684,GH,7GH,,,Recovery phase
7,16,4,PI 471938,,1.105805308,0.783417911,GH,7GH,,,Recovery phase
7,17,5,PI 471938,,1.140055846,0.802989768,GH,7GH,,,Recovery phase
7,18,,PI 471938,,1.063270279,,GH,7GH,,,Drying phase
7,19,,PI 471938,,,,GH,7GH,,,Drying phase
7,20,,PI 471938,,,,GH,7GH,,,Drying phase
7,21,,PI 471938,,,,GH,7GH,,,Drying phase
8,1,,93705-36,0.919168591,1.059595649,1.067381096,GH,8GH,,,Drying phase
8,2,,93705-36,0.896073903,0.793120677,0.803325145,GH,8GH,,,Drying phase
8,3,,93705-36,0.762124711,0.956837619,0.955153598,GH,8GH,,,Drying phase
8,4,,93705-36,0.655889145,0.983566732,0.977465306,GH,8GH,,,Drying phase
8,5,,93705-36,0.575057737,1.038604236,1.020151844,GH,8GH,,,Drying phase
8,6,,93705-36,0.538106236,0.930629737,0.893188636,GH,8GH,,,Drying phase
8,7,,93705-36,0.399538106,1.115570608,1.045597808,GH,8GH,,,Drying phase
8,8,,93705-36,0.339491917,1.020849697,0.973992667,GH,8GH,,,Drying phase
8,9,,93705-36,0.233256351,1.002372163,0.95073945,GH,8GH,,,Drying phase
8,10,,93705-36,0.161662818,0.862144694,0.785110215,GH,8GH,,,Drying phase
8,11,,93705-36,0.090069284,0.639815325,0.548938849,GH,8GH,,,Drying phase
8,12,,93705-36,0.055427252,0.441213307,0.356453798,GH,8GH,,,Drying phase
8,13,,93705-36,0.055427252,0.457805264,0.363268356,GH,8GH,,,Drying phase
8,14,,93705-36,0.016166282,0.273814106,0.209706976,GH,8GH,,,Drying phase
8,15,0,93705-36,0,0.155372926,0.113573555,GH,8GH,,,Drying phase
8,16,1,93705-36,,0.288375119,0.202685114,GH,8GH,,,Recovery phase
8,17,2,93705-36,,,,GH,8GH,,,Recovery phase
8,18,3,93705-36,,0.901325086,0.629665151,GH,8GH,,,Recovery phase
8,19,4,93705-36,,0.973977785,0.672643379,GH,8GH,,,Recovery phase
8,20,5,93705-36,,0.977707243,0.682960709,GH,8GH,,,Recovery phase
8,21,,93705-36,,,,GH,8GH,,,Drying phase
10,1,,93705-36,0.913157895,1.008061493,1.027066557,GH,10GH,,,Drying phase
10,2,,93705-36,0.881578947,0.966920178,0.983797678,GH,10GH,,,Drying phase
10,3,,93705-36,0.726315789,0.995033261,0.991586076,GH,10GH,,,Drying phase
10,4,,93705-36,0.605263158,1.029985068,0.997549689,GH,10GH,,,Drying phase
10,5,,93705-36,0.521052632,0.994292183,0.951875039,GH,10GH,,,Drying phase
10,6,,93705-36,0.478947368,0.94122107,0.911541351,GH,10GH,,,Drying phase
10,7,,93705-36,0.331578947,1.040898181,0.995943328,GH,10GH,,,Drying phase
10,8,,93705-36,0.228947368,1.081503909,1.033242762,GH,10GH,,,Drying phase
10,9,,93705-36,0.134210526,0.868850788,0.797011349,GH,10GH,,,Drying phase
10,10,,93705-36,0.094736842,0.567698171,0.488562316,GH,10GH,,,Drying phase
10,11,,93705-36,0.073684211,0.471105655,0.382587986,GH,10GH,,,Drying phase
10,12,,93705-36,0.036842105,0.26639504,0.203715681,GH,10GH,,,Drying phase
10,13,,93705-36,0.026315789,0.233514426,0.173008538,GH,10GH,,,Drying phase
10,14,0,93705-36,0,0.191122583,0.125891713,GH,10GH,,,Drying phase
10,15,1,93705-36,,0.481301416,0.314605251,GH,10GH,,,Recovery phase
10,16,2,93705-36,,0.81337851,0.534361901,GH,10GH,,,Recovery phase
10,17,3,93705-36,,1.068167534,0.70926698,GH,10GH,,,Recovery phase
10,18,4,93705-36,,1.02563329,0.692034151,GH,10GH,,,Recovery phase
10,19,5,93705-36,,1.050337736,,GH,10GH,,,Recovery phase
10,20,,93705-36,,,,GH,10GH,,,Drying phase
10,21,,93705-36,,,,GH,10GH,,,Drying phase
11,1,,93705-36,0.922891566,0.920342445,0.9611842,GH,11GH,,,Drying phase
11,2,,93705-36,0.891566265,1.001268853,1.028584312,GH,11GH,,,Drying phase
11,3,,93705-36,0.742168675,1.027406782,1.005638969,GH,11GH,,,Drying phase
11,4,,93705-36,0.626506024,1.05098192,1.004592519,GH,11GH,,,Drying phase
11,5,,93705-36,0.544578313,1.026459742,0.976069796,GH,11GH,,,Drying phase
11,6,,93705-36,0.503614458,0.975762514,0.934710906,GH,11GH,,,Drying phase
11,7,,93705-36,0.36626506,1.022933082,0.978348204,GH,11GH,,,Drying phase
11,8,,93705-36,0.257831325,1.139946159,1.072917188,GH,11GH,,,Drying phase
11,9,,93705-36,0.173493976,0.975768918,0.919689779,GH,11GH,,,Drying phase
11,10,,93705-36,0.118072289,0.696942342,0.622394711,GH,11GH,,,Drying phase
11,11,,93705-36,0.084337349,0.531580969,0.448357264,GH,11GH,,,Drying phase
11,12,,93705-36,0.055421687,0.389001253,0.308952064,GH,11GH,,,Drying phase
11,13,,93705-36,0.048192771,0.356487032,0.274308542,GH,11GH,,,Drying phase
11,14,,93705-36,0.01686747,0.212670191,0.157947404,GH,11GH,,,Drying phase
11,15,0,93705-36,0,0.170552726,0.111861954,GH,11GH,,,Drying phase
11,16,1,93705-36,,0.375641978,0.249538206,GH,11GH,,,Recovery phase
11,17,2,93705-36,,0.85163084,0.56546731,GH,11GH,,,Recovery phase
11,18,3,93705-36,,0.925265163,0.620175835,GH,11GH,,,Recovery phase
11,19,4,93705-36,,0.982658252,0.662506363,GH,11GH,,,Recovery phase
11,20,5,93705-36,,1.018622362,0.705216669,GH,11GH,,,Recovery phase
11,21,,93705-36,,,,GH,11GH,,,Drying phase
13,1,,93705-36,0.9,1.040162315,1.04000361,GH,13GH,,,Drying phase
13,2,,93705-36,0.865714286,0.922558415,0.939264584,GH,13GH,,,Drying phase
13,3,,93705-36,0.682857143,1.017189846,1.026929279,GH,13GH,,,Drying phase
13,4,,93705-36,0.545714286,1.020089424,0.993802528,GH,13GH,,,Drying phase
13,5,,93705-36,0.451428571,0.964807005,0.937186565,GH,13GH,,,Drying phase
13,6,,93705-36,0.402857143,0.930221425,0.92467149,GH,13GH,,,Drying phase
13,7,,93705-36,0.24,0.989762776,0.967840094,GH,13GH,,,Drying phase
13,8,,93705-36,0.16,0.883406277,0.849114676,GH,13GH,,,Drying phase
13,9,,93705-36,0.074285714,0.545043832,0.496260927,GH,13GH,,,Drying phase
13,10,,93705-36,0.048571429,0.417197086,0.354499569,GH,13GH,,,Drying phase
13,11,,93705-36,0.025714286,0.295180381,0.234816146,GH,13GH,,,Drying phase
13,12,0,93705-36,0,0.179373722,0.125031974,GH,13GH,,,Drying phase
13,13,1,93705-36,,0.487290183,0.342152448,GH,13GH,,,Recovery phase
13,14,2,93705-36,,1.193708251,0.829331931,GH,13GH,,,Recovery phase
13,15,3,93705-36,,1.260529885,0.86947522,GH,13GH,,,Recovery phase
13,16,4,93705-36,,1.137700296,0.789945599,GH,13GH,,,Recovery phase
13,17,5,93705-36,,1.216687345,0.853811614,GH,13GH,,,Recovery phase
13,18,,93705-36,,1.13362553,,GH,13GH,,,Drying phase
13,19,,93705-36,,,,GH,13GH,,,Drying phase
13,20,,93705-36,,,,GH,13GH,,,Drying phase
13,21,,93705-36,,,,GH,13GH,,,Drying phase
16,1,,N05-7432,0.892761394,0.946168633,0.978494087,GH,16GH,,,Drying phase
16,2,,N05-7432,0.841823056,1.00548902,1.010012887,GH,16GH,,,Drying phase
16,3,,N05-7432,0.605898123,1.054780382,1.044006996,GH,16GH,,,Drying phase
16,4,,N05-7432,0.436997319,0.993561965,0.967486029,GH,16GH,,,Drying phase
16,5,,N05-7432,0.316353887,0.981587323,0.942356522,GH,16GH,,,Drying phase
16,6,,N05-7432,0.254691689,0.936346976,0.883022963,GH,16GH,,,Drying phase
16,7,,N05-7432,0.096514745,0.882328695,0.795563424,GH,16GH,,,Drying phase
16,8,,N05-7432,0.08310992,0.599232572,0.514012648,GH,16GH,,,Drying phase
16,9,,N05-7432,0.072386059,0.569393054,0.477077955,GH,16GH,,,Drying phase
16,10,,N05-7432,0.045576408,0.400935896,0.315913805,GH,16GH,,,Drying phase
16,11,,N05-7432,0.026809651,0.252093843,0.187219835,GH,16GH,,,Drying phase
16,12,0,N05-7432,0,0.155021996,0.110129315,GH,16GH,,,Drying phase
16,13,1,N05-7432,,0.327058126,0.233345424,GH,16GH,,,Recovery phase
16,14,2,N05-7432,,0.901798057,0.637902876,GH,16GH,,,Recovery phase
16,15,3,N05-7432,,1.024821606,0.72059399,GH,16GH,,,Recovery phase
16,16,4,N05-7432,,1.069472309,0.757327616,GH,16GH,,,Recovery phase
16,17,5,N05-7432,,1.037898582,0.737132213,GH,16GH,,,Recovery phase
16,18,,N05-7432,,1.038472351,,GH,16GH,,,Drying phase
16,19,,N05-7432,,,,GH,16GH,,,Drying phase
16,20,,N05-7432,,,,GH,16GH,,,Drying phase
16,21,,N05-7432,,,,GH,16GH,,,Drying phase
17,1,,N05-7432,0.923076923,0.973324918,1.013415659,GH,17GH,,,Drying phase
17,2,,N05-7432,0.889423077,0.950264292,0.963475705,GH,17GH,,,Drying phase
17,3,,N05-7432,0.728365385,1.042701429,1.0290464,GH,17GH,,,Drying phase
17,4,,N05-7432,0.608173077,1.033709362,0.994062235,GH,17GH,,,Drying phase
17,5,,N05-7432,0.521634615,1.008352011,0.975988377,GH,17GH,,,Drying phase
17,6,,N05-7432,0.473557692,1.023679918,0.994062235,GH,17GH,,,Drying phase
17,7,,N05-7432,0.324519231,1.080545672,1.082315566,GH,17GH,,,Drying phase
17,8,,N05-7432,0.360576923,0.511281906,0.517569594,GH,17GH,Very low NTR possible calculation mistake from water mistake,6,Drying phase
17,9,,N05-7432,0.295673077,1.352700981,1.398751531,GH,17GH,FTSW went up (possible watering mistake),6,Drying phase
17,10,,N05-7432,0.192307692,1.060662817,1.083811854,GH,17GH,,,Drying phase
17,11,,N05-7432,0.108173077,0.661886288,0.641585985,GH,17GH,,,Drying phase
17,12,,N05-7432,0.091346154,0.412735887,0.384951591,GH,17GH,,,Drying phase
17,13,,N05-7432,0.050480769,0.220345436,0.197521457,GH,17GH,,,Drying phase
17,14,,N05-7432,0.019230769,0.188330023,0.162664729,GH,17GH,,,Drying phase
17,15,0,N05-7432,0,0.159086597,0.122346121,GH,17GH,,,Drying phase
17,16,1,N05-7432,,0.359369666,0.277792734,GH,17GH,,,Recovery phase
17,17,2,N05-7432,,0.651601831,0.503658199,GH,17GH,,,Recovery phase
17,18,3,N05-7432,,0.87371258,0.688196932,GH,17GH,,,Recovery phase
17,19,4,N05-7432,,0.739067291,0.58665968,GH,17GH,,,Recovery phase
17,20,5,N05-7432,,0.760518738,0.62966992,GH,17GH,,,Recovery phase
17,21,,N05-7432,,,,GH,17GH,,,Drying phase
18,1,,N05-7432,0.924675325,0.927618707,0.934910069,GH,18GH,,,Drying phase
18,2,,N05-7432,0.888311688,0.98107512,0.980787619,GH,18GH,,,Drying phase
18,3,,N05-7432,0.716883117,1.034291343,1.031901628,GH,18GH,,,Drying phase
18,4,,N05-7432,0.581818182,1.05701483,1.052400684,GH,18GH,,,Drying phase
18,5,,N05-7432,0.485714286,1.035272431,1.021123041,GH,18GH,,,Drying phase
18,6,,N05-7432,0.436363636,0.966955996,0.961327547,GH,18GH,,,Drying phase
18,7,,N05-7432,0.275324675,1.062538575,1.101762817,GH,18GH,,,Drying phase
18,8,,N05-7432,0.207792208,1.104539878,1.14405923,GH,18GH,,,Drying phase
18,9,,N05-7432,0.127272727,0.755181124,0.7581723,GH,18GH,,,Drying phase
18,10,,N05-7432,0.090909091,0.529163899,0.499601204,GH,18GH,,,Drying phase
18,11,,N05-7432,0.072727273,0.437837171,0.391868474,GH,18GH,,,Drying phase
18,12,,N05-7432,0.049350649,0.320370614,0.275759296,GH,18GH,,,Drying phase
18,13,,N05-7432,0.038961039,0.339752612,0.28386432,GH,18GH,,,Drying phase
18,14,0,N05-7432,0,0.237336148,0.191062523,GH,18GH,,,Drying phase
18,15,1,N05-7432,,0.630254054,0.513745896,GH,18GH,,,Recovery phase
18,16,2,N05-7432,,0.811314327,0.66537451,GH,18GH,,,Recovery phase
18,17,3,N05-7432,,0.909653989,0.755569722,GH,18GH,,,Recovery phase
18,18,4,N05-7432,,0.993203613,0.840675102,GH,18GH,,,Recovery phase
18,19,5,N05-7432,,0.993884349,0.855987946,GH,18GH,,,Recovery phase
18,20,,N05-7432,,,,GH,18GH,,,Drying phase
18,21,,N05-7432,,,,GH,18GH,,,Drying phase
20,1,,N05-7432,0.937343358,0.866961551,0.851210421,GH,20GH,,,Drying phase
20,2,,N05-7432,0.904761905,0.978360478,0.961867776,GH,20GH,,,Drying phase
20,3,,N05-7432,0.754385965,0.987434258,0.990765091,GH,20GH,,,Drying phase
20,4,,N05-7432,0.631578947,1.034205264,1.047367134,GH,20GH,,,Drying phase
20,5,,N05-7432,0.543859649,0.994722055,1.020162792,GH,20GH,,,Drying phase
20,6,,N05-7432,0.493734336,1.022911688,1.068741973,GH,20GH,,,Drying phase
20,7,,N05-7432,0.34085213,1.022468435,1.144857255,GH,20GH,,,Drying phase
20,8,,N05-7432,0.263157895,1.133096857,1.287789915,GH,20GH,,,Drying phase
20,9,,N05-7432,0.157894737,0.901975158,1.015576129,GH,20GH,,,Drying phase
20,10,,N05-7432,0.110275689,0.598052092,0.637580926,GH,20GH,,,Drying phase
20,11,,N05-7432,0.072681704,0.380891002,0.383214253,GH,20GH,,,Drying phase
20,12,,N05-7432,0.042606516,0.19090591,0.183942842,GH,20GH,,,Drying phase
20,13,,N05-7432,0.060150376,0.304005435,0.287311154,GH,20GH,,,Drying phase
20,14,,N05-7432,0.020050125,0.236371202,0.215243139,GH,20GH,,,Drying phase
20,15,0,N05-7432,0,0.153460874,0.131537474,GH,20GH,,,Drying phase
20,16,1,N05-7432,,0.263425924,0.228388696,GH,20GH,,,Recovery phase
20,17,2,N05-7432,,0.619596783,0.541495933,GH,20GH,,,Recovery phase
20,18,3,N05-7432,,0.716717419,0.641245184,GH,20GH,,,Recovery phase
20,19,4,N05-7432,,0.848956086,0.777903993,GH,20GH,,,Recovery phase
20,20,5,N05-7432,,0.905415917,0.857500891,GH,20GH,,,Recovery phase
20,21,,N05-7432,,,,GH,20GH,,,Drying phase
25,1,,Geden Shirazu,0.887780549,1.039287605,1.008514877,GH,25GH,,,Drying phase
25,2,,Geden Shirazu,0.837905237,0.987838468,1.010712077,GH,25GH,,,Drying phase
25,3,,Geden Shirazu,0.6159601,1.004297261,1.010489453,GH,25GH,,,Drying phase
25,4,,Geden Shirazu,0.456359102,0.968576666,0.970283594,GH,25GH,,,Drying phase
25,5,,Geden Shirazu,0.336658354,0.913603662,0.930159084,GH,25GH,,,Drying phase
25,6,,Geden Shirazu,0.274314214,0.860917981,0.870714796,GH,25GH,,,Drying phase
25,7,,Geden Shirazu,0.142144638,0.751877781,0.738366147,GH,25GH,,,Drying phase
25,8,,Geden Shirazu,0.134663342,0.672383493,0.622609996,GH,25GH,,,Drying phase
25,9,,Geden Shirazu,0.087281796,0.278267175,0.243626866,GH,25GH,,,Drying phase
25,10,,Geden Shirazu,0.092269327,0.336530124,0.279467978,GH,25GH,,,Drying phase
25,11,,Geden Shirazu,0.067331671,0.300154973,0.235371306,GH,25GH,,,Drying phase
25,12,,Geden Shirazu,0.037406484,0.180412044,0.1356482,GH,25GH,,,Drying phase
25,13,0,Geden Shirazu,0,0.641192133,0.151014597,GH,25GH,,,Drying phase
25,14,1,Geden Shirazu,,0.635605989,0.167358169,GH,25GH,,,Recovery phase
25,15,2,Geden Shirazu,,1.072699409,0.239422779,GH,25GH,,,Recovery phase
25,16,3,Geden Shirazu,,1.096829413,0.272050001,GH,25GH,,,Recovery phase
25,17,4,Geden Shirazu,,1.196378698,0.322164474,GH,25GH,,,Recovery phase
25,18,5,Geden Shirazu,,0.8273029,0.248688366,GH,25GH,,,Recovery phase
25,19,,Geden Shirazu,,,,GH,25GH,,,Drying phase
25,20,,Geden Shirazu,,,,GH,25GH,,,Drying phase
25,21,,Geden Shirazu,,,,GH,25GH,,,Drying phase
26,1,,Geden Shirazu,0.868159204,0.984181683,0.958943567,GH,26GH,,,Drying phase
26,2,,Geden Shirazu,0.805970149,0.986883693,1.019964023,GH,26GH,,,Drying phase
26,3,,Geden Shirazu,0.529850746,1.016441354,1.017447812,GH,26GH,,,Drying phase
26,4,,Geden Shirazu,0.325870647,1.01249327,1.003644599,GH,26GH,,,Drying phase
26,5,,Geden Shirazu,0.186567164,0.893121053,0.876095413,GH,26GH,,,Drying phase
26,6,,Geden Shirazu,0.126865672,0.716912564,0.674830251,GH,26GH,,,Drying phase
26,7,,Geden Shirazu,0.05721393,0.347991887,0.314920784,GH,26GH,,,Drying phase
26,8,,Geden Shirazu,0.104477612,0.680597396,0.596163241,GH,26GH,,,Drying phase
26,9,,Geden Shirazu,0.062189055,0.582354551,0.486538062,GH,26GH,,,Drying phase
26,10,,Geden Shirazu,0.039800995,0.302007494,0.238155455,GH,26GH,,,Drying phase
26,11,,Geden Shirazu,0.029850746,0.303930924,0.228024834,GH,26GH,,,Drying phase
26,12,0,Geden Shirazu,0,0.17858402,0.109511927,GH,26GH,,,Drying phase
26,13,1,Geden Shirazu,,0.43615979,0.284474341,GH,26GH,,,Recovery phase
26,14,2,Geden Shirazu,,1.213832552,0.810672704,GH,26GH,,,Recovery phase
26,15,3,Geden Shirazu,,1.392567563,0.864126897,GH,26GH,,,Recovery phase
26,16,4,Geden Shirazu,,1.217726963,0.786052274,GH,26GH,,,Recovery phase
26,17,5,Geden Shirazu,,1.185192796,0.780272477,GH,26GH,,,Recovery phase
26,18,,Geden Shirazu,,0.98934024,,GH,26GH,,,Drying phase
26,19,,Geden Shirazu,,,,GH,26GH,,,Drying phase
26,20,,Geden Shirazu,,,,GH,26GH,,,Drying phase
26,21,,Geden Shirazu,,,,GH,26GH,,,Drying phase
27,1,,Geden Shirazu,0.868686869,1.056983612,1.015019919,GH,27GH,,,Drying phase
27,2,,Geden Shirazu,0.810606061,0.985021129,1.012340756,GH,27GH,,,Drying phase
27,3,,Geden Shirazu,0.563131313,0.958835619,0.969101532,GH,27GH,,,Drying phase
27,4,,Geden Shirazu,0.371212121,0.99915964,1.003537793,GH,27GH,,,Drying phase
27,5,,Geden Shirazu,0.247474747,0.843453103,0.827015217,GH,27GH,,,Drying phase
27,6,,Geden Shirazu,0.186868687,0.754485621,0.72802884,GH,27GH,,,Drying phase
27,7,,Geden Shirazu,0.078282828,0.555999969,0.521754002,GH,27GH,,,Drying phase
27,8,,Geden Shirazu,0.138888889,0.632928839,0.580105377,GH,27GH,,,Drying phase
27,9,,Geden Shirazu,0.055555556,0.425275911,0.368541962,GH,27GH,,,Drying phase
27,10,,Geden Shirazu,0.042929293,0.247880972,0.202839361,GH,27GH,,,Drying phase
27,11,,Geden Shirazu,0.025252525,0.225323732,0.174250434,GH,27GH,,,Drying phase
27,12,0,Geden Shirazu,0,0.161645973,0.098454193,GH,27GH,,,Drying phase
27,13,1,Geden Shirazu,,0.455030705,0.289363025,GH,27GH,,,Recovery phase
27,14,2,Geden Shirazu,,1.161135174,0.748251863,GH,27GH,,,Recovery phase
27,15,3,Geden Shirazu,,1.348978075,0.883182527,GH,27GH,,,Recovery phase
27,16,4,Geden Shirazu,,1.145619932,0.760722728,GH,27GH,,,Recovery phase
27,17,5,Geden Shirazu,,1.276297172,0.860489643,GH,27GH,,,Recovery phase
27,18,,Geden Shirazu,,0.702997754,,GH,27GH,,,Drying phase
27,19,,Geden Shirazu,,,,GH,27GH,,,Drying phase
27,20,,Geden Shirazu,,,,GH,27GH,,,Drying phase
27,21,,Geden Shirazu,,,,GH,27GH,,,Drying phase
28,1,,Geden Shirazu,0.881401617,1.020025729,1.019230577,GH,28GH,,,Drying phase
28,2,,Geden Shirazu,0.819407008,1.170560131,1.201365809,GH,28GH,,,Drying phase
28,3,,Geden Shirazu,0.587601078,0.987845393,1.009230117,GH,28GH,,,Drying phase
28,4,,Geden Shirazu,0.420485175,0.992128878,0.971539307,GH,28GH,,,Drying phase
28,5,,Geden Shirazu,0.291105121,0.991696985,0.961406833,GH,28GH,,,Drying phase
28,6,,Geden Shirazu,0.218328841,1.008816836,0.97196282,GH,28GH,,,Drying phase
28,7,,Geden Shirazu,0.078167116,0.805525512,0.748771357,GH,28GH,,,Drying phase
28,8,,Geden Shirazu,0.086253369,0.624972254,0.553731627,GH,28GH,,,Drying phase
28,9,,Geden Shirazu,0.040431267,0.268947632,0.225304814,GH,28GH,,,Drying phase
28,10,,Geden Shirazu,0.04851752,0.342241861,0.272808841,GH,28GH,,,Drying phase
28,11,,Geden Shirazu,0.02425876,0.308738704,0.231114447,GH,28GH,,,Drying phase
28,12,0,Geden Shirazu,0,0.151344661,0.105153872,GH,28GH,,,Drying phase
28,13,1,Geden Shirazu,,0.440248391,0.312175558,GH,28GH,,,Recovery phase
28,14,2,Geden Shirazu,,1.191101117,0.86490198,GH,28GH,,,Recovery phase
28,15,3,Geden Shirazu,,1.337633215,0.989863774,GH,28GH,,,Recovery phase
28,16,4,Geden Shirazu,,1.111593599,0.828768297,GH,28GH,,,Recovery phase
28,17,5,Geden Shirazu,,1.280524409,0.954563485,GH,28GH,,,Recovery phase
28,18,,Geden Shirazu,,0.462313239,,GH,28GH,,,Drying phase
28,19,,Geden Shirazu,,,,GH,28GH,,,Drying phase
28,20,,Geden Shirazu,,,,GH,28GH,,,Drying phase
28,21,,Geden Shirazu,,,,GH,28GH,,,Drying phase
31,1,,Benning,0.875,1.003188442,1.057191595,GH,31GH,,,Drying phase
31,2,,Benning,0.816326531,1.026273888,0.992465579,GH,31GH,,,Drying phase
31,3,,Benning,0.548469388,1.000996914,1.000556331,GH,31GH,,,Drying phase
31,4,,Benning,0.354591837,0.969540756,0.949786494,GH,31GH,,,Drying phase
31,5,,Benning,0.216836735,0.912493798,0.857619713,GH,31GH,,,Drying phase
31,6,,Benning,0.160714286,0.853730178,0.698801247,GH,31GH,,,Drying phase
31,7,,Benning,0.071428571,0.550120815,0.37230003,GH,31GH,,,Drying phase
31,8,,Benning,0.114795918,0.756463015,0.459129745,GH,31GH,,,Drying phase
31,9,,Benning,0.066326531,0.706596504,0.58365786,GH,31GH,,,Drying phase
31,10,,Benning,0.045918367,0.371765304,0.236584748,GH,31GH,,,Drying phase
31,11,,Benning,0.025510204,0.464407579,0.269057165,GH,31GH,,,Drying phase
31,12,0,Benning,0,0.194302904,0.096091845,GH,31GH,,,Drying phase
31,13,1,Benning,,0.541623963,0.320980477,GH,31GH,,,Recovery phase
31,14,2,Benning,,1.020669685,0.786151403,GH,31GH,,,Recovery phase
31,15,3,Benning,,1.029221846,0.821538624,GH,31GH,,,Recovery phase
31,16,4,Benning,,1.038576332,0.816780679,GH,31GH,,,Recovery phase
31,17,5,Benning,,0.961364411,0.768427262,GH,31GH,,,Recovery phase
31,18,,Benning,,0.91271355,,GH,31GH,,,Drying phase
31,19,,Benning,,,,GH,31GH,,,Drying phase
31,20,,Benning,,,,GH,31GH,,,Drying phase
31,21,,Benning,,,,GH,31GH,,,Drying phase
32,1,,Benning,0.932692308,0.917892635,1.007694388,GH,32GH,,,Drying phase
32,2,,Benning,0.896634615,1.099659631,1.079672558,GH,32GH,,,Drying phase
32,3,,Benning,0.752403846,0.9602545,0.95371076,GH,32GH,,,Drying phase
32,4,,Benning,0.641826923,1.022193233,0.958922294,GH,32GH,,,Drying phase
32,5,,Benning,0.555288462,1.046789038,0.95371076,GH,32GH,,,Drying phase
32,6,,Benning,0.509615385,1.235890373,1.006694691,GH,32GH,,,Drying phase
32,7,,Benning,0.358173077,1.582708848,1.117837728,GH,32GH,,,Drying phase
32,8,,Benning,0.28125,1.786797558,1.184913368,GH,32GH,,,Drying phase
32,9,,Benning,0.170673077,1.209321171,1.112662553,GH,32GH,,,Drying phase
32,10,,Benning,0.122596154,0.912079821,0.657731559,GH,32GH,,,Drying phase
32,11,,Benning,0.100961538,0.706087426,0.464833816,GH,32GH,,,Drying phase
32,12,,Benning,0.081730769,0.765105091,0.448805063,GH,32GH,,,Drying phase
32,13,,Benning,0.076923077,0.648933086,0.428333254,GH,32GH,,,Drying phase
32,14,,Benning,0.03125,0.347303024,0.283132882,GH,32GH,,,Drying phase
32,15,,Benning,0.012019231,0.187101877,0.148149244,GH,32GH,,,Drying phase
32,16,0,Benning,0,0.220763541,0.097317424,GH,32GH,,,Drying phase
32,17,1,Benning,,0.214466475,0.091556233,GH,32GH,,,Recovery phase
32,18,2,Benning,,0.633208814,0.268650918,GH,32GH,,,Recovery phase
32,19,3,Benning,,0.682494024,0.279134857,GH,32GH,,,Recovery phase
32,20,4,Benning,,0.745937512,0.317903587,GH,32GH,,,Recovery phase
32,21,5,Benning,,0.895948685,0.393508165,GH,32GH,,,Recovery phase
33,1,,Benning,0.901515152,1.009213457,1.063484805,GH,33GH,,,Drying phase
33,2,,Benning,0.856060606,1.00150194,0.981678282,GH,33GH,,,Drying phase
33,3,,Benning,0.651515152,0.976958835,0.975542792,GH,33GH,,,Drying phase
33,4,,Benning,0.494949495,1.012325767,0.979294121,GH,33GH,,,Drying phase
33,5,,Benning,0.378787879,0.9532234,0.92335326,GH,33GH,,,Drying phase
33,6,,Benning,0.320707071,1.053320036,0.92335326,GH,33GH,,,Drying phase
33,7,,Benning,0.164141414,1.095418466,0.833538717,GH,33GH,,,Drying phase
33,8,,Benning,0.237373737,0.323463519,0.229925911,GH,33GH,,6,Drying phase
33,9,,Benning,0.242424242,1.011362173,1.023717745,GH,33GH,,,Drying phase
33,10,,Benning,0.146464646,0.999259827,0.797378528,GH,33GH,,,Drying phase
33,11,,Benning,0.080808081,0.603226305,0.437218058,GH,33GH,,,Drying phase
33,12,,Benning,0.063131313,0.544692886,0.327913544,GH,33GH,,,Drying phase
33,13,,Benning,0.058080808,0.479567295,0.32454705,GH,33GH,,,Drying phase
33,14,,Benning,0.017676768,0.216134745,0.180656073,GH,33GH,,,Drying phase
33,15,0,Benning,0,0.1209862,0.098220777,GH,33GH,,,Drying phase
33,16,1,Benning,,0.356694897,0.280201256,GH,33GH,,,Recovery phase
33,17,2,Benning,,0.711158999,0.554975455,GH,33GH,,,Recovery phase
33,18,3,Benning,,0.724288043,0.569957187,GH,33GH,,,Recovery phase
33,19,4,Benning,,0.89686768,0.687374325,GH,33GH,,,Recovery phase
33,20,5,Benning,,0.812006621,0.648508979,GH,33GH,,,Recovery phase
33,21,,Benning,,,,GH,33GH,,,Drying phase
35,1,,Benning,0.849411765,1.121660486,1.243847978,GH,35GH,,,Drying phase
35,2,,Benning,0.785882353,1.030331743,1.049496731,GH,35GH,,,Drying phase
35,3,,Benning,0.501176471,0.968998839,1.038645453,GH,35GH,,,Drying phase
35,4,,Benning,0.310588235,0.879008932,0.911857816,GH,35GH,,,Drying phase
35,5,,Benning,0.171764706,0.86231367,0.844078261,GH,35GH,,,Drying phase
35,6,,Benning,0.122352941,0.716606829,0.60086927,GH,35GH,,,Drying phase
35,7,,Benning,0.049411765,0.425913044,0.297041021,GH,35GH,,,Drying phase
35,8,,Benning,0.096470588,0.627515399,0.390174851,GH,35GH,,,Drying phase
35,9,,Benning,0.075294118,0.742338712,0.633058696,GH,35GH,,,Drying phase
35,10,,Benning,0.042352941,0.430346187,0.284154926,GH,35GH,,,Drying phase
35,11,,Benning,0.028235294,0.375279936,0.225055477,GH,35GH,,,Drying phase
35,12,0,Benning,0,0.196565337,0.103871759,GH,35GH,,,Drying phase
35,13,1,Benning,,0.5258132,0.332511115,GH,35GH,,,Recovery phase
35,14,2,Benning,,0.946582827,0.772546205,GH,35GH,,,Recovery phase
35,15,3,Benning,,0.94947939,0.790047252,GH,35GH,,,Recovery phase
35,16,4,Benning,,0.888023226,0.725247458,GH,35GH,,,Recovery phase
35,17,5,Benning,,0.903600955,0.741644357,GH,35GH,,,Recovery phase
35,18,,Benning,,0.870383328,,GH,35GH,,,Drying phase
35,19,,Benning,,,,GH,35GH,,,Drying phase
35,20,,Benning,,,,GH,35GH,,,Drying phase
35,21,,Benning,,,,GH,35GH,,,Drying phase
8,,,,,,,GC1,8GC1,,,Drying phase
8,1,,93705-36,0.904371585,1.078749198,1.053184788,GC1,8GC1,,,Drying phase
8,2,,93705-36,0.721311475,0.949228264,0.952389189,GC1,8GC1,,,Drying phase
8,3,,93705-36,0.603825137,0.972022538,0.994426023,GC1,8GC1,,,Drying phase
8,4,,93705-36,0.480874317,0.861366351,0.879505226,GC1,8GC1,,,Drying phase
8,5,,93705-36,0.385245902,0.600052664,0.604828978,GC1,8GC1,Excluded before the leaf fell off,6,Drying phase
8,6,,93705-36,0.368852459,0.477240503,0.468254693,GC1,8GC1,Leaf was observed to have fallen,6,Drying phase
8,7,,93705-36,0.286885246,0.563140309,0.440676851,GC1,8GC1,Excluded after the leaf fell,6,Drying phase
8,8,,93705-36,0.180327869,0.727952373,0.558128436,GC1,8GC1,,,Drying phase
8,9,,93705-36,0.155737705,0.534442545,0.401162077,GC1,8GC1,,,Drying phase
8,10,,93705-36,0.090163934,0.432393439,0.308771551,GC1,8GC1,,,Drying phase
8,11,,93705-36,0.038251366,0.254967439,0.173329571,GC1,8GC1,,,Drying phase
8,12,0,93705-36,0,0.175267049,0.114272681,GC1,8GC1,,,Drying phase
8,13,1,93705-36,,0.465723745,0.301552909,GC1,8GC1,,,Recovery phase
8,14,2,93705-36,,0.704665397,0.450753304,GC1,8GC1,,,Recovery phase
8,15,3,93705-36,,0.888048795,0.560868977,GC1,8GC1,,,Recovery phase
8,16,4,93705-36,,0.951539629,0.599945699,GC1,8GC1,,,Recovery phase
8,17,5,93705-36,,0.999680132,0.615849442,GC1,8GC1,,,Recovery phase
20,,,,,,,GC1,20GC1,,,Drying phase
20,1,,93705-36,0.907894737,1.041276653,1.003082484,GC1,20GC1,,,Drying phase
20,2,,93705-36,0.731578947,0.901830886,0.907081952,GC1,20GC1,,,Drying phase
20,3,,93705-36,0.589473684,1.056892461,1.089835564,GC1,20GC1,,,Drying phase
20,4,,93705-36,0.442105263,1.058885498,1.108295546,GC1,20GC1,,,Drying phase
20,5,,93705-36,0.315789474,0.952901438,0.998496964,GC1,20GC1,,,Drying phase
20,6,,93705-36,0.289473684,0.834579557,0.867180986,GC1,20GC1,,,Drying phase
20,7,,93705-36,0.221052632,0.779871148,0.79745449,GC1,20GC1,,,Drying phase
20,8,,93705-36,0.173684211,0.637793491,0.629213645,GC1,20GC1,,,Drying phase
20,9,,93705-36,0.105263158,0.482664689,0.450656008,GC1,20GC1,,,Drying phase
20,10,,93705-36,0.065789474,0.342831012,0.302732101,GC1,20GC1,,,Drying phase
20,11,,93705-36,0.031578947,0.237722798,0.199838411,GC1,20GC1,,,Drying phase
20,12,0,93705-36,0,0.13418072,0.093288411,GC1,20GC1,,,Drying phase
20,13,1,93705-36,,0.476249882,0.328237003,GC1,20GC1,,,Recovery phase
20,14,2,93705-36,,0.783502473,0.530783252,GC1,20GC1,,,Recovery phase
20,15,3,93705-36,,0.947814399,0.635249659,GC1,20GC1,,,Recovery phase
20,16,4,93705-36,,0.889912886,0.591337702,GC1,20GC1,,,Recovery phase
20,17,5,93705-36,,0.935641356,0.605074836,GC1,20GC1,,,Recovery phase
28,,,,,,,GC1,28GC1,,,Drying phase
28,1,,93705-36,0.933333333,1.054244175,1.060536651,GC1,28GC1,,,Drying phase
28,2,,93705-36,0.794871795,0.90773507,0.905384993,GC1,28GC1,,,Drying phase
28,3,,93705-36,0.676923077,1.038020755,1.034078356,GC1,28GC1,,,Drying phase
28,4,,93705-36,0.538461538,0.980578414,0.990454724,GC1,28GC1,,,Drying phase
28,5,,93705-36,0.405128205,0.939760022,0.947412741,GC1,28GC1,,,Drying phase
28,6,,93705-36,0.351282051,0.900127033,0.899219289,GC1,28GC1,,,Drying phase
28,7,,93705-36,0.287179487,0.841652253,0.82136981,GC1,28GC1,,,Drying phase
28,8,,93705-36,0.215384615,0.784292614,0.741131219,GC1,28GC1,,,Drying phase
28,9,,93705-36,0.156410256,0.663431159,0.599569484,GC1,28GC1,,,Drying phase
28,10,,93705-36,0.097435897,0.475630968,0.406245068,GC1,28GC1,,,Drying phase
28,11,,93705-36,0.051282051,0.296618969,0.222590881,GC1,28GC1,,,Drying phase
28,12,,93705-36,0.023076923,0.19199344,0.121709049,GC1,28GC1,,,Drying phase
28,13,0,93705-36,0,0.19106668,0.10511236,GC1,28GC1,,,Drying phase
28,14,1,93705-36,,0.514389811,0.299954784,GC1,28GC1,,,Recovery phase
28,15,2,93705-36,,0.859189393,0.503432884,GC1,28GC1,,,Recovery phase
28,16,3,93705-36,,1.131875515,0.671409748,GC1,28GC1,,,Recovery phase
28,17,4,93705-36,,1.225817568,0.738152396,GC1,28GC1,,,Recovery phase
28,18,5,93705-36,,1.152114824,0.69513331,GC1,28GC1,,,Recovery phase
44,,,,,,,GC1,44GC1,,,Drying phase
44,1,,93705-36,0.905292479,1.092808722,1.064955569,GC1,44GC1,,,Drying phase
44,2,,93705-36,0.707520891,0.914685236,0.914109282,GC1,44GC1,,,Drying phase
44,3,,93705-36,0.618384401,0.992506042,1.020935148,GC1,44GC1,,,Drying phase
44,4,,93705-36,0.462395543,0.890514746,0.929576298,GC1,44GC1,,,Drying phase
44,5,,93705-36,0.331476323,0.768592471,0.797463788,GC1,44GC1,,,Drying phase
44,6,,93705-36,0.286908078,0.73431626,0.758199866,GC1,44GC1,,,Drying phase
44,7,,93705-36,0.233983287,0.664301056,0.676594241,GC1,44GC1,,,Drying phase
44,8,,93705-36,0.155988858,0.584831168,0.569108859,GC1,44GC1,,,Drying phase
44,9,,93705-36,0.094707521,0.37331255,0.342626762,GC1,44GC1,,,Drying phase
44,10,,93705-36,0.066852368,0.324782165,0.283593097,GC1,44GC1,,,Drying phase
44,11,,93705-36,0.033426184,0.258505006,0.208909304,GC1,44GC1,,,Drying phase
44,12,0,93705-36,0,0.155999292,0.101955737,GC1,44GC1,,,Drying phase
44,13,1,93705-36,,0.558880059,0.349764819,GC1,44GC1,,,Recovery phase
44,14,2,93705-36,,0.86439686,0.537443503,GC1,44GC1,,,Recovery phase
44,15,3,93705-36,,1.117277788,0.702159449,GC1,44GC1,,,Recovery phase
44,16,4,93705-36,,1.063316363,0.675324461,GC1,44GC1,,,Recovery phase
44,17,5,93705-36,,1.072358348,0.674787433,GC1,44GC1,,,Recovery phase
1,,,,,,,GC1,1GC1,,,Drying phase
1,1,,Benning,0.869822485,1.044994701,1.027119892,GC1,1GC1,,,Drying phase
1,2,,Benning,0.609467456,1.015498188,1.018384855,GC1,1GC1,,,Drying phase
1,3,,Benning,0.473372781,0.939507112,0.954495253,GC1,1GC1,,,Drying phase
1,4,,Benning,0.352071006,1.011204094,1.024997743,GC1,1GC1,,,Drying phase
1,5,,Benning,0.24852071,0.837541571,0.833126245,GC1,1GC1,,,Drying phase
1,6,,Benning,0.215976331,0.632804274,0.610269286,GC1,1GC1,,,Drying phase
1,7,,Benning,0.183431953,0.59930986,0.564674455,GC1,1GC1,,,Drying phase
1,8,,Benning,0.115384615,0.484639402,0.441150075,GC1,1GC1,,,Drying phase
1,9,,Benning,0.062130178,0.297951432,0.259194832,GC1,1GC1,,,Drying phase
1,10,,Benning,0.029585799,0.211499652,0.178025924,GC1,1GC1,,,Drying phase
1,11,0,Benning,0,0.114748974,0.092040614,GC1,1GC1,,,Drying phase
1,12,1,Benning,,0.457398346,0.365315838,GC1,1GC1,,,Recovery phase
1,13,2,Benning,,0.690491236,0.560634125,GC1,1GC1,,,Recovery phase
1,14,3,Benning,,0.873567338,0.713075067,GC1,1GC1,,,Recovery phase
1,15,4,Benning,,0.872246762,0.713314756,GC1,1GC1,,,Recovery phase
1,16,5,Benning,,0.89495586,0.734984512,GC1,1GC1,,,Recovery phase
13,,,,,,,GC1,13GC1,,,Drying phase
13,1,,Benning,0.928217822,0.928651464,0.91701856,GC1,13GC1,,,Drying phase
13,2,,Benning,0.752475248,0.991781387,0.999438025,GC1,13GC1,,,Drying phase
13,3,,Benning,0.648514851,0.95923791,0.969720776,GC1,13GC1,,,Drying phase
13,4,,Benning,0.492574257,1.120329239,1.113822639,GC1,13GC1,,,Drying phase
13,5,,Benning,0.425742574,0.874273476,0.857701307,GC1,13GC1,,,Drying phase
13,6,,Benning,0.363861386,0.777165932,0.745359913,GC1,13GC1,,,Drying phase
13,7,,Benning,0.309405941,0.821667097,0.777448553,GC1,13GC1,,,Drying phase
13,8,,Benning,0.23019802,0.766603423,0.722658158,GC1,13GC1,,,Drying phase
13,9,,Benning,0.160891089,0.659048101,0.601895654,GC1,13GC1,,,Drying phase
13,10,,Benning,0.091584158,0.492607348,0.436374349,GC1,13GC1,,,Drying phase
13,11,,Benning,0.056930693,0.347606278,0.299228125,GC1,13GC1,,,Drying phase
13,12,,Benning,0.022277228,0.189767448,0.157454662,GC1,13GC1,,,Drying phase
13,13,0,Benning,0,0.136314041,0.10849086,GC1,13GC1,,,Drying phase
13,14,1,Benning,,0.515345761,0.386373122,GC1,13GC1,,,Recovery phase
13,15,2,Benning,,0.762662197,0.5714426,GC1,13GC1,,,Recovery phase
13,16,3,Benning,,1.161925222,0.794370781,GC1,13GC1,,,Recovery phase
13,17,4,Benning,,1.264633161,0.867154155,GC1,13GC1,,,Recovery phase
13,18,5,Benning,,1.330468934,0.931955268,GC1,13GC1,,,Recovery phase
18,,,,,,,GC1,18GC1,,,Drying phase
18,1,,Benning,0.879581152,1.036375304,0.976131239,GC1,18GC1,,,Drying phase
18,2,,Benning,0.646596859,1.024128911,1.029661017,GC1,18GC1,,,Drying phase
18,3,,Benning,0.489528796,0.939495785,0.994207744,GC1,18GC1,,,Drying phase
18,4,,Benning,0.395287958,1.044583368,1.085348721,GC1,18GC1,,,Drying phase
18,5,,Benning,0.298429319,0.850080727,0.878518115,GC1,18GC1,,,Drying phase
18,6,,Benning,0.27486911,0.705562916,0.718456844,GC1,18GC1,,,Drying phase
18,7,,Benning,0.219895288,0.675037294,0.681608883,GC1,18GC1,,,Drying phase
18,8,,Benning,0.154450262,0.607983639,0.606196152,GC1,18GC1,,,Drying phase
18,9,,Benning,0.102094241,0.437792452,0.420746224,GC1,18GC1,,,Drying phase
18,10,,Benning,0.060209424,0.298162046,0.277426773,GC1,18GC1,,,Drying phase
18,11,,Benning,0.036649215,0.26819814,0.242638337,GC1,18GC1,,,Drying phase
18,12,0,Benning,0,0.123261209,0.105663691,GC1,18GC1,,,Drying phase
18,13,1,Benning,,0.507689948,0.436832212,GC1,18GC1,,,Recovery phase
18,14,2,Benning,,0.640465238,0.556699847,GC1,18GC1,,,Recovery phase
18,15,3,Benning,,0.781938957,0.683291868,GC1,18GC1,,,Recovery phase
18,16,4,Benning,,0.819764418,0.717882926,GC1,18GC1,,,Recovery phase
18,17,5,Benning,,0.764215843,0.657011411,GC1,18GC1,,,Recovery phase
29,,,,,,,GC1,29GC1,,,Drying phase
29,1,,Benning,0.896174863,0.971253626,0.961334249,GC1,29GC1,,,Drying phase
29,2,,Benning,0.669398907,1.045842111,1.047348367,GC1,29GC1,,,Drying phase
29,3,,Benning,0.554644809,0.982904263,0.991317384,GC1,29GC1,,,Drying phase
29,4,,Benning,0.409836066,1.016752164,1.013169166,GC1,29GC1,,,Drying phase
29,5,,Benning,0.325136612,0.879992723,0.854732575,GC1,29GC1,,,Drying phase
29,6,,Benning,0.281420765,0.752573022,0.715579629,GC1,29GC1,,,Drying phase
29,7,,Benning,0.221311475,0.672561696,0.621988494,GC1,29GC1,,,Drying phase
29,8,,Benning,0.166666667,0.610010159,0.555917392,GC1,29GC1,,,Drying phase
29,9,,Benning,0.106557377,0.480980911,0.421347044,GC1,29GC1,,,Drying phase
29,10,,Benning,0.057377049,0.309367387,0.257243458,GC1,29GC1,,,Drying phase
29,11,,Benning,0.030054645,0.255130828,0.199494927,GC1,29GC1,,,Drying phase
29,12,0,Benning,0,0.141418623,0.09897622,GC1,29GC1,,,Drying phase
29,13,1,Benning,,0.532858928,0.376119579,GC1,29GC1,,,Recovery phase
29,14,2,Benning,,0.770708277,0.545493941,GC1,29GC1,,,Recovery phase
29,15,3,Benning,,0.88909554,0.631733935,GC1,29GC1,,,Recovery phase
29,16,4,Benning,,0.952480118,0.677895383,GC1,29GC1,,,Recovery phase
29,17,5,Benning,,0.82754071,0.581860204,GC1,29GC1,,,Recovery phase
4,,,,,,,GC1,4GC1,,,Drying phase
4,1,,Geden Shirazu,0.916666667,0.968104515,0.949678853,GC1,4GC1,,,Drying phase
4,2,,Geden Shirazu,0.696236559,1.070081737,1.075335285,GC1,4GC1,,,Drying phase
4,3,,Geden Shirazu,0.577956989,0.961813748,0.974985863,GC1,4GC1,,,Drying phase
4,4,,Geden Shirazu,0.424731183,0.986037567,0.994366316,GC1,4GC1,,,Drying phase
4,5,,Geden Shirazu,0.271505376,0.953275553,0.962005282,GC1,4GC1,,,Drying phase
4,6,,Geden Shirazu,0.239247312,0.802210771,0.823845581,GC1,4GC1,,,Drying phase
4,7,,Geden Shirazu,0.180107527,0.714455572,0.742059458,GC1,4GC1,,,Drying phase
4,8,,Geden Shirazu,0.134408602,0.610231583,0.632345629,GC1,4GC1,,,Drying phase
4,9,,Geden Shirazu,0.094086022,0.384258439,0.386632325,GC1,4GC1,,,Drying phase
4,10,,Geden Shirazu,0.069892473,0.305086097,0.299918491,GC1,4GC1,,,Drying phase
4,11,,Geden Shirazu,0.037634409,0.264504508,0.249683227,GC1,4GC1,,,Drying phase
4,12,0,Geden Shirazu,0,0.115316179,0.099098942,GC1,4GC1,,,Drying phase
4,13,1,Geden Shirazu,,0.465096158,0.403431014,GC1,4GC1,,,Recovery phase
4,14,2,Geden Shirazu,,0.53806533,0.461068081,GC1,4GC1,,,Recovery phase
4,15,3,Geden Shirazu,,0.594908454,0.525578317,GC1,4GC1,,,Recovery phase
4,16,4,Geden Shirazu,,0.596699024,0.533024989,GC1,4GC1,,,Recovery phase
4,17,5,Geden Shirazu,,0.629623675,0.551522615,GC1,4GC1,,,Recovery phase
10,,,,,,,GC1,10GC1,,,Drying phase
10,1,,Geden Shirazu,0.881690141,1.027042066,1.025412776,GC1,10GC1,,,Drying phase
10,2,,Geden Shirazu,0.63943662,0.99549726,1.003311147,GC1,10GC1,,,Drying phase
10,3,,Geden Shirazu,0.484507042,0.977460673,0.971276077,GC1,10GC1,,,Drying phase
10,4,,Geden Shirazu,0.346478873,0.926932499,0.901771917,GC1,10GC1,,,Drying phase
10,5,,Geden Shirazu,0.256338028,0.749696968,0.722614075,GC1,10GC1,,,Drying phase
10,6,,Geden Shirazu,0.211267606,0.633951346,0.60852709,GC1,10GC1,,,Drying phase
10,7,,Geden Shirazu,0.166197183,0.350441768,0.33175467,GC1,10GC1,,,Drying phase
10,8,,Geden Shirazu,0.188732394,0.588996967,0.541559994,GC1,10GC1,,,Drying phase
10,9,,Geden Shirazu,0.109859155,0.445174362,0.397143996,GC1,10GC1,,,Drying phase
10,10,,Geden Shirazu,0.081690141,0.301494596,0.245150615,GC1,10GC1,,,Drying phase
10,11,,Geden Shirazu,0.03943662,0.219422497,0.155458245,GC1,10GC1,,,Drying phase
10,12,0,Geden Shirazu,0,0.125011853,0.078977499,GC1,10GC1,,,Drying phase
10,13,1,Geden Shirazu,,0.567032818,0.357914905,GC1,10GC1,,,Recovery phase
10,14,2,Geden Shirazu,,0.767529645,0.478799771,GC1,10GC1,,,Recovery phase
10,15,3,Geden Shirazu,,0.832372026,0.517114578,GC1,10GC1,,,Recovery phase
10,16,4,Geden Shirazu,,0.808981939,0.49976174,GC1,10GC1,,,Recovery phase
10,17,5,Geden Shirazu,,0.796227862,0.481622821,GC1,10GC1,,,Recovery phase
16,,,,,,,GC1,16GC1,,,Drying phase
16,1,,Geden Shirazu,0.885057471,0.993413889,0.979268574,GC1,16GC1,,,Drying phase
16,2,,Geden Shirazu,0.629310345,1.031641462,1.037509284,GC1,16GC1,,,Drying phase
16,3,,Geden Shirazu,0.468390805,0.974944649,0.983222143,GC1,16GC1,,,Drying phase
16,4,,Geden Shirazu,0.356321839,0.898309891,0.904251211,GC1,16GC1,,,Drying phase
16,5,,Geden Shirazu,0.232758621,0.729755895,0.733437395,GC1,16GC1,,,Drying phase
16,6,,Geden Shirazu,0.201149425,0.639007162,0.650344896,GC1,16GC1,,,Drying phase
16,7,,Geden Shirazu,0.155172414,0.547521955,0.549623379,GC1,16GC1,,,Drying phase
16,8,,Geden Shirazu,0.106321839,0.368118302,0.354490278,GC1,16GC1,,,Drying phase
16,9,,Geden Shirazu,0.077586207,0.294165093,0.274645439,GC1,16GC1,,,Drying phase
16,10,,Geden Shirazu,0.040229885,0.248685682,0.202805313,GC1,16GC1,,,Drying phase
16,11,0,Geden Shirazu,0,0.119679803,0.087295967,GC1,16GC1,,,Drying phase
16,12,1,Geden Shirazu,,0.437866112,0.322435306,GC1,16GC1,,,Recovery phase
16,13,2,Geden Shirazu,,0.737469097,0.541389927,GC1,16GC1,,,Recovery phase
16,14,3,Geden Shirazu,,0.727268097,0.530360877,GC1,16GC1,,,Recovery phase
16,15,4,Geden Shirazu,,0.726990542,0.528907037,GC1,16GC1,,,Recovery phase
16,16,5,Geden Shirazu,,0.709791816,0.506147121,GC1,16GC1,,,Recovery phase
30,,,,,,,GC1,30GC1,,,Drying phase
30,1,,Geden Shirazu,0.902506964,1.020329287,0.982655594,GC1,30GC1,,,Drying phase
30,2,,Geden Shirazu,0.701949861,0.975397575,0.985512437,GC1,30GC1,,,Drying phase
30,3,,Geden Shirazu,0.543175487,1.004273138,1.031831969,GC1,30GC1,,,Drying phase
30,4,,Geden Shirazu,0.348189415,1.025524842,1.047479095,GC1,30GC1,,,Drying phase
30,5,,Geden Shirazu,0.250696379,0.838987986,0.861381108,GC1,30GC1,,,Drying phase
30,6,,Geden Shirazu,0.206128134,0.748894179,0.791860406,GC1,30GC1,,,Drying phase
30,7,,Geden Shirazu,0.17270195,0.645292095,0.680075168,GC1,30GC1,,,Drying phase
30,8,,Geden Shirazu,0.13091922,0.467005988,0.475730089,GC1,30GC1,,,Drying phase
30,9,,Geden Shirazu,0.08356546,0.297181123,0.291343668,GC1,30GC1,,,Drying phase
30,10,,Geden Shirazu,0.052924791,0.26008173,0.218483448,GC1,30GC1,,,Drying phase
30,11,,Geden Shirazu,0.027855153,0.229390958,0.13586613,GC1,30GC1,,,Drying phase
30,12,0,Geden Shirazu,0,0.140516397,0.064872285,GC1,30GC1,,,Drying phase
30,13,1,Geden Shirazu,,0.505398608,0.237186814,GC1,30GC1,,,Recovery phase
30,14,2,Geden Shirazu,,0.767797074,0.371336234,GC1,30GC1,,,Recovery phase
30,15,3,Geden Shirazu,,0.807972242,0.404370576,GC1,30GC1,,,Recovery phase
30,16,4,Geden Shirazu,,0.856998956,0.436777692,GC1,30GC1,,,Recovery phase
30,17,5,Geden Shirazu,,0.884007157,0.451682194,GC1,30GC1,,,Recovery phase
41,,,,,,,GC1,41GC1,,,Drying phase
41,1,,Geden Shirazu,0.90296496,1.029129225,1.009372521,GC1,41GC1,,,Drying phase
41,2,,Geden Shirazu,0.714285714,0.953782222,0.960182827,GC1,41GC1,,,Drying phase
41,3,,Geden Shirazu,0.5606469,1.017088554,1.030444652,GC1,41GC1,,,Drying phase
41,4,,Geden Shirazu,0.382749326,1.008245742,1.004227911,GC1,41GC1,,,Drying phase
41,5,,Geden Shirazu,0.285714286,0.868533818,0.870343235,GC1,41GC1,,,Drying phase
41,6,,Geden Shirazu,0.250673854,0.746965213,0.763209838,GC1,41GC1,,,Drying phase
41,7,,Geden Shirazu,0.188679245,0.67075531,0.687443244,GC1,41GC1,,,Drying phase
41,8,,Geden Shirazu,0.137466307,0.513377764,0.509642495,GC1,41GC1,,,Drying phase
41,9,,Geden Shirazu,0.094339623,0.377171685,0.361724048,GC1,41GC1,,,Drying phase
41,10,,Geden Shirazu,0.067385445,0.303996104,0.281535088,GC1,41GC1,,,Drying phase
41,11,,Geden Shirazu,0.040431267,0.24754717,0.214237035,GC1,41GC1,,,Drying phase
41,12,0,Geden Shirazu,0,0.129740466,0.097177594,GC1,41GC1,,,Drying phase
41,13,1,Geden Shirazu,,0.507282389,0.383168682,GC1,41GC1,,,Recovery phase
41,14,2,Geden Shirazu,,0.747264987,0.562649189,GC1,41GC1,,,Recovery phase
41,15,3,Geden Shirazu,,0.885057002,0.671065276,GC1,41GC1,,,Recovery phase
41,16,4,Geden Shirazu,,0.855988739,0.654285655,GC1,41GC1,,,Recovery phase
41,17,5,Geden Shirazu,,0.872960483,0.655132592,GC1,41GC1,,,Recovery phase
3,,,,,,,GC1,3GC1,,,Drying phase
3,1,,N05-7432,0.882183908,1.033745577,1.026098709,GC1,3GC1,,,Drying phase
3,2,,N05-7432,0.652298851,0.979488276,0.981497879,GC1,3GC1,,,Drying phase
3,3,,N05-7432,0.534482759,0.986766146,0.992403411,GC1,3GC1,,,Drying phase
3,4,,N05-7432,0.367816092,0.897208712,0.933608369,GC1,3GC1,,,Drying phase
3,5,,N05-7432,0.270114943,0.72634202,0.748469828,GC1,3GC1,,,Drying phase
3,6,,N05-7432,0.221264368,0.662706362,0.677668628,GC1,3GC1,,,Drying phase
3,7,,N05-7432,0.172413793,0.610679775,0.619858034,GC1,3GC1,,,Drying phase
3,8,,N05-7432,0.126436782,0.447914351,0.440177208,GC1,3GC1,,,Drying phase
3,9,,N05-7432,0.074712644,0.353392962,0.332643178,GC1,3GC1,,,Drying phase
3,10,,N05-7432,0.040229885,0.18381678,0.167105,GC1,3GC1,,,Drying phase
3,11,0,N05-7432,0,0.120128397,0.105518391,GC1,3GC1,,,Drying phase
3,12,1,N05-7432,,0.348207559,0.305014098,GC1,3GC1,,,Recovery phase
3,13,2,N05-7432,,0.614969608,0.542247285,GC1,3GC1,,,Recovery phase
3,14,3,N05-7432,,0.701036656,0.618620142,GC1,3GC1,,,Recovery phase
3,15,4,N05-7432,,0.672987837,0.590166813,GC1,3GC1,,,Recovery phase
3,16,5,N05-7432,,0.692033069,0.60964332,GC1,3GC1,,,Recovery phase
14,,,,,,,GC1,14GC1,,,Drying phase
14,1,,N05-7432,0.847094801,1.034193438,1.04711021,GC1,14GC1,,,Drying phase
14,2,,N05-7432,0.577981651,0.965806562,0.985570548,GC1,14GC1,,,Drying phase
14,3,,N05-7432,0.406727829,0.938927004,0.967319242,GC1,14GC1,,,Drying phase
14,4,,N05-7432,0.29969419,0.801351972,0.843378984,GC1,14GC1,,,Drying phase
14,5,,N05-7432,0.217125382,0.62429689,0.651704033,GC1,14GC1,,,Drying phase
14,6,,N05-7432,0.19266055,0.560038463,0.575530834,GC1,14GC1,,,Drying phase
14,7,,N05-7432,0.128440367,0.470160397,0.472241742,GC1,14GC1,,,Drying phase
14,8,,N05-7432,0.110091743,0.377233851,0.368336415,GC1,14GC1,,,Drying phase
14,9,,N05-7432,0.058103976,0.21912536,0.197777049,GC1,14GC1,,,Drying phase
14,10,,N05-7432,0.03058104,0.143748395,0.120763995,GC1,14GC1,,,Drying phase
14,11,0,N05-7432,0,0.07785164,0.063069186,GC1,14GC1,,,Drying phase
14,12,1,N05-7432,,0.312308062,0.260904961,GC1,14GC1,,,Recovery phase
14,13,2,N05-7432,,0.583097758,0.490047578,GC1,14GC1,,,Recovery phase
14,14,3,N05-7432,,0.623897877,0.523407625,GC1,14GC1,,,Recovery phase
14,15,4,N05-7432,,0.621230601,0.520980814,GC1,14GC1,,,Recovery phase
14,16,5,N05-7432,,0.595361988,0.494685252,GC1,14GC1,,,Recovery phase
25,,,,,,,GC1,25GC1,,,Drying phase
25,1,,N05-7432,0.912921348,1.047333141,1.040372477,GC1,25GC1,,,Drying phase
25,2,,N05-7432,0.707865169,1.053504337,1.067558278,GC1,25GC1,,,Drying phase
25,3,,N05-7432,0.620786517,0.899162522,0.892069246,GC1,25GC1,,,Drying phase
25,4,,N05-7432,0.5,0.743347967,0.754014695,GC1,25GC1,,,Drying phase
25,5,,N05-7432,0.359550562,0.677173029,0.678163573,GC1,25GC1,,,Drying phase
25,6,,N05-7432,0.306179775,0.677642044,0.664600302,GC1,25GC1,,,Drying phase
25,7,,N05-7432,0.264044944,0.577401436,0.558279681,GC1,25GC1,,,Drying phase
25,8,,N05-7432,0.16011236,0.508495603,0.474780988,GC1,25GC1,,,Drying phase
25,9,,N05-7432,0.101123596,0.402790401,0.363897099,GC1,25GC1,,,Drying phase
25,10,,N05-7432,0.058988764,0.291840527,0.254641186,GC1,25GC1,,,Drying phase
25,11,,N05-7432,0.033707865,0.243427002,0.192032882,GC1,25GC1,,,Drying phase
25,12,0,N05-7432,0,0.141737012,0.109071308,GC1,25GC1,,,Drying phase
25,13,1,N05-7432,,0.4479958,0.339332958,GC1,25GC1,,,Recovery phase
25,14,2,N05-7432,,0.706286295,0.534603031,GC1,25GC1,,,Recovery phase
25,15,3,N05-7432,,0.892669815,0.669647101,GC1,25GC1,,,Recovery phase
25,16,4,N05-7432,,0.921511535,0.701909995,GC1,25GC1,,,Recovery phase
25,17,5,N05-7432,,0.914692007,0.686863048,GC1,25GC1,,,Recovery phase
39,,,,,,,GC1,39GC1,,,Drying phase
39,1,,N05-7432,0.899109792,1.04702191,1.0356211,GC1,39GC1,,,Drying phase
39,2,,N05-7432,0.685459941,0.957495541,0.955643789,GC1,39GC1,,,Drying phase
39,3,,N05-7432,0.578635015,0.995482548,1.008735111,GC1,39GC1,,,Drying phase
39,4,,N05-7432,0.409495549,0.836732,0.865114429,GC1,39GC1,,,Drying phase
39,5,,N05-7432,0.284866469,0.737387803,0.763222134,GC1,39GC1,,,Drying phase
39,6,,N05-7432,0.234421365,0.680988217,0.701671962,GC1,39GC1,,,Drying phase
39,7,,N05-7432,0.189910979,0.606557077,0.619293911,GC1,39GC1,,,Drying phase
39,8,,N05-7432,0.115727003,0.416978702,0.407619032,GC1,39GC1,,,Drying phase
39,9,,N05-7432,0.071216617,0.284701868,0.266349399,GC1,39GC1,,,Drying phase
39,10,,N05-7432,0.029673591,0.149914097,0.129423008,GC1,39GC1,,,Drying phase
39,11,0,N05-7432,0,0.112127333,0.091731144,GC1,39GC1,,,Drying phase
39,12,1,N05-7432,,0.425755693,0.338226744,GC1,39GC1,,,Recovery phase
39,13,2,N05-7432,,0.68303239,0.554361883,GC1,39GC1,,,Recovery phase
39,14,3,N05-7432,,0.873517547,0.71944349,GC1,39GC1,,,Recovery phase
39,15,4,N05-7432,,0.859973019,0.726169339,GC1,39GC1,,,Recovery phase
39,16,5,N05-7432,,0.829483075,0.704506765,GC1,39GC1,,,Recovery phase
42,,,,,,,GC1,42GC1,,,Drying phase
42,1,,N05-7432,0.87797619,1.069574165,1.102227785,GC1,42GC1,,,Drying phase
42,2,,N05-7432,0.666666667,0.930425835,0.948886108,GC1,42GC1,,,Drying phase
42,3,,N05-7432,0.544642857,0.93798275,0.948886108,GC1,42GC1,,,Drying phase
42,4,,N05-7432,0.401785714,0.759550956,0.774949121,GC1,42GC1,,,Drying phase
42,5,,N05-7432,0.288690476,0.618323258,0.630162833,GC1,42GC1,,,Drying phase
42,6,,N05-7432,0.244047619,0.59738354,0.597568204,GC1,42GC1,,,Drying phase
42,7,,N05-7432,0.175595238,0.532780268,0.526714792,GC1,42GC1,,,Drying phase
42,8,,N05-7432,0.130952381,0.483294614,0.462556136,GC1,42GC1,,,Drying phase
42,9,,N05-7432,0.0625,0.236119446,0.216274379,GC1,42GC1,,,Drying phase
42,10,,N05-7432,0.032738095,0.184468446,0.163184525,GC1,42GC1,,,Drying phase
42,11,0,N05-7432,0,0.107030181,0.089058427,GC1,42GC1,,,Drying phase
42,12,1,N05-7432,,0.484339289,0.38589174,GC1,42GC1,,,Recovery phase
42,13,2,N05-7432,,0.806736464,0.566945348,GC1,42GC1,,,Recovery phase
42,14,3,N05-7432,,0.89375786,0.634983166,GC1,42GC1,,,Recovery phase
42,15,4,N05-7432,,0.889480728,0.640919422,GC1,42GC1,,,Recovery phase
42,16,5,N05-7432,,0.847831888,0.608570176,GC1,42GC1,,,Recovery phase
5,,,,,,,GC1,5GC1,,,Drying phase
5,1,,PI 471938,0.87826087,1.002480801,0.99983229,GC1,5GC1,,,Drying phase
5,2,,PI 471938,0.634782609,0.949989924,0.944611264,GC1,5GC1,,,Drying phase
5,3,,PI 471938,0.501449275,1.047529274,1.055556447,GC1,5GC1,,,Drying phase
5,4,,PI 471938,0.347826087,1.048739402,1.041247391,GC1,5GC1,,,Drying phase
5,5,,PI 471938,0.249275362,0.935663408,0.915402007,GC1,5GC1,,,Drying phase
5,6,,PI 471938,0.202898551,0.813690075,0.782981909,GC1,5GC1,,,Drying phase
5,7,,PI 471938,0.153623188,0.783285797,0.743313638,GC1,5GC1,,,Drying phase
5,8,,PI 471938,0.104347826,0.504597616,0.457311802,GC1,5GC1,,,Drying phase
5,9,,PI 471938,0.075362319,0.435482838,0.38162952,GC1,5GC1,,,Drying phase
5,10,,PI 471938,0.034782609,0.264828272,0.219579373,GC1,5GC1,,,Drying phase
5,11,0,PI 471938,0,0.157150734,0.114045101,GC1,5GC1,,,Drying phase
5,12,1,PI 471938,,0.689404784,0.50406345,GC1,5GC1,,,Recovery phase
5,13,2,PI 471938,,1.02068865,0.743855965,GC1,5GC1,,,Recovery phase
5,14,3,PI 471938,,1.155028114,0.840675313,GC1,5GC1,,,Recovery phase
5,15,4,PI 471938,,1.176167219,0.874535846,GC1,5GC1,,,Recovery phase
5,16,5,PI 471938,,1.100657875,0.822496153,GC1,5GC1,,,Recovery phase
17,,,,,,,GC1,17GC1,,,Drying phase
17,1,,PI 471938,0.895721925,0.933100965,0.927577139,GC1,17GC1,,,Drying phase
17,2,,PI 471938,0.663101604,0.97573188,0.973878015,GC1,17GC1,,,Drying phase
17,3,,PI 471938,0.529411765,1.091167154,1.098544846,GC1,17GC1,,,Drying phase
17,4,,PI 471938,0.393048128,1.13868601,1.129795688,GC1,17GC1,,,Drying phase
17,5,,PI 471938,0.288770053,0.992962121,0.969014203,GC1,17GC1,,,Drying phase
17,6,,PI 471938,0.254010695,0.896713721,0.854326326,GC1,17GC1,,,Drying phase
17,7,,PI 471938,0.200534759,0.812609551,0.77157638,GC1,17GC1,,,Drying phase
17,8,,PI 471938,0.163101604,0.673138545,0.622160002,GC1,17GC1,,,Drying phase
17,9,,PI 471938,0.101604278,0.459905996,0.409881188,GC1,17GC1,,,Drying phase
17,10,,PI 471938,0.069518717,0.34584122,0.292508061,GC1,17GC1,,,Drying phase
17,11,,PI 471938,0.034759358,0.275161759,0.218389012,GC1,17GC1,,,Drying phase
17,12,0,PI 471938,0,0.174572373,0.110964513,GC1,17GC1,,,Drying phase
17,13,1,PI 471938,,0.749199877,0.467930732,GC1,17GC1,,,Recovery phase
17,14,2,PI 471938,,1.000392156,0.629937002,GC1,17GC1,,,Recovery phase
17,15,3,PI 471938,,1.196573044,0.775755752,GC1,17GC1,,,Recovery phase
17,16,4,PI 471938,,1.182125388,0.782991316,GC1,17GC1,,,Recovery phase
17,17,5,PI 471938,,1.175813135,0.786167796,GC1,17GC1,,,Recovery phase
22,,,,,,,GC1,22GC1,,,Drying phase
22,1,,PI 471938,0.905405405,0.961099906,0.934073103,GC1,22GC1,,,Drying phase
22,2,,PI 471938,0.7,0.971358597,0.968854747,GC1,22GC1,,,Drying phase
22,3,,PI 471938,0.567567568,1.067541496,1.09707215,GC1,22GC1,,,Drying phase
22,4,,PI 471938,0.408108108,1.078770919,1.117109998,GC1,22GC1,,,Drying phase
22,5,,PI 471938,0.302702703,0.933376376,0.965149566,GC1,22GC1,,,Drying phase
22,6,,PI 471938,0.275675676,0.780324169,0.808483442,GC1,22GC1,,,Drying phase
22,7,,PI 471938,0.221621622,0.733102467,0.757555351,GC1,22GC1,,,Drying phase
22,8,,PI 471938,0.172972973,0.520477986,0.523589277,GC1,22GC1,,,Drying phase
22,9,,PI 471938,0.137837838,0.470647756,0.459923265,GC1,22GC1,,,Drying phase
22,10,,PI 471938,0.091891892,0.293744209,0.276935746,GC1,22GC1,,,Drying phase
22,11,,PI 471938,0.062162162,0.254542387,0.223743092,GC1,22GC1,,,Drying phase
22,12,,PI 471938,0.024324324,0.173385959,0.134089937,GC1,22GC1,,,Drying phase
22,13,0,PI 471938,0,0.133259602,0.092657653,GC1,22GC1,,,Drying phase
22,14,1,PI 471938,,0.485106605,0.333788164,GC1,22GC1,,,Recovery phase
22,15,2,PI 471938,,0.76899787,0.522280303,GC1,22GC1,,,Recovery phase
22,16,3,PI 471938,,0.901921009,0.617619946,GC1,22GC1,,,Recovery phase
22,17,4,PI 471938,,0.877362947,0.598602067,GC1,22GC1,,,Recovery phase
22,18,5,PI 471938,,0.877159503,0.599747717,GC1,22GC1,,,Recovery phase
31,,,,,,,GC1,31GC1,,,Drying phase
31,1,,PI 471938,0.905013193,0.982627198,0.982581057,GC1,31GC1,,,Drying phase
31,2,,PI 471938,0.7176781,0.936199494,0.933250656,GC1,31GC1,,,Drying phase
31,3,,PI 471938,0.596306069,1.081173308,1.084168287,GC1,31GC1,,,Drying phase
31,4,,PI 471938,0.451187335,0.980296237,0.962764925,GC1,31GC1,,,Drying phase
31,5,,PI 471938,0.382585752,0.861860035,0.82464025,GC1,31GC1,,,Drying phase
31,6,,PI 471938,0.308707124,0.740468411,0.685100284,GC1,31GC1,,,Drying phase
31,7,,PI 471938,0.26121372,0.711617483,0.641944361,GC1,31GC1,,,Drying phase
31,8,,PI 471938,0.187335092,0.616347897,0.535480682,GC1,31GC1,,,Drying phase
31,9,,PI 471938,0.129287599,0.54696962,0.459429924,GC1,31GC1,,,Drying phase
31,10,,PI 471938,0.07651715,0.401405354,0.314694804,GC1,31GC1,,,Drying phase
31,11,,PI 471938,0.031662269,0.251388369,0.185238957,GC1,31GC1,,,Drying phase
31,12,0,PI 471938,0,0.187690068,0.11754454,GC1,31GC1,,,Drying phase
31,13,1,PI 471938,,0.802314284,0.494868383,GC1,31GC1,,,Recovery phase
31,14,2,PI 471938,,1.015973658,0.622496293,GC1,31GC1,,,Recovery phase
31,15,3,PI 471938,,1.255224658,0.768414779,GC1,31GC1,,,Recovery phase
31,16,4,PI 471938,,1.210281193,0.738404137,GC1,31GC1,,,Recovery phase
31,17,5,PI 471938,,1.140928611,0.684694139,GC1,31GC1,,,Recovery phase
43,,,,,,,GC1,43GC1,,,Drying phase
43,1,,PI 471938,0.905817175,1.023365522,1.016132638,GC1,43GC1,,,Drying phase
43,2,,PI 471938,0.703601108,0.92998272,0.920962067,GC1,43GC1,,,Drying phase
43,3,,PI 471938,0.601108033,1.046651758,1.062905296,GC1,43GC1,,,Drying phase
43,4,,PI 471938,0.421052632,1.042636579,1.054206907,GC1,43GC1,,,Drying phase
43,5,,PI 471938,0.315789474,0.935698075,0.930325882,GC1,43GC1,,,Drying phase
43,6,,PI 471938,0.268698061,0.876117248,0.866575795,GC1,43GC1,,,Drying phase
43,7,,PI 471938,0.199445983,0.795043124,0.787749885,GC1,43GC1,,,Drying phase
43,8,,PI 471938,0.149584488,0.6088603,0.586339841,GC1,43GC1,,,Drying phase
43,9,,PI 471938,0.108033241,0.453437469,0.419221579,GC1,43GC1,,,Drying phase
43,10,,PI 471938,0.060941828,0.22421739,0.195264294,GC1,43GC1,,,Drying phase
43,11,,PI 471938,0.024930748,0.22654391,0.155107342,GC1,43GC1,,,Drying phase
43,12,0,PI 471938,0,0.145922279,0.096531559,GC1,43GC1,,,Drying phase
43,13,1,PI 471938,,0.676434875,0.449637013,GC1,43GC1,,,Recovery phase
43,14,2,PI 471938,,0.888606814,0.593669089,GC1,43GC1,,,Recovery phase
43,15,3,PI 471938,,1.057367604,0.718266306,GC1,43GC1,,,Recovery phase
43,16,4,PI 471938,,1.02634725,0.711122608,GC1,43GC1,,,Recovery phase
43,17,5,PI 471938,,1.016655155,0.69680358,GC1,43GC1,,,Recovery phase
,,,,,,,GC1,GC1,,,Drying phase
1,1,,PI 471938,0.848341232,0.992863327,0.972899112,GC2,1GC2,,,Drying phase
1,2,,PI 471938,0.6492891,1.007136673,1.027100888,GC2,1GC2,,,Drying phase
1,3,,PI 471938,0.597156398,0.94363165,0.988655461,GC2,1GC2,,,Drying phase
1,4,,PI 471938,0.492890995,0.880554593,0.929613346,GC2,1GC2,,,Drying phase
1,5,,PI 471938,0.336492891,0.681457573,0.724441753,GC2,1GC2,,,Drying phase
1,6,,PI 471938,0.279620853,0.556421924,0.571209706,GC2,1GC2,,,Drying phase
1,7,,PI 471938,0.213270142,0.465906586,0.456046459,GC2,1GC2,,,Drying phase
1,8,,PI 471938,0.180094787,0.503029531,0.482601063,GC2,1GC2,,,Drying phase
1,9,,PI 471938,0.151658768,0.456939635,0.429548346,GC2,1GC2,,,Drying phase
1,10,,PI 471938,0.132701422,0.448494978,0.410441813,GC2,1GC2,,,Drying phase
1,11,,PI 471938,0.061611374,0.303201345,0.260694709,GC2,1GC2,,,Drying phase
1,12,0,PI 471938,0,0.113500265,0.092306643,GC2,1GC2,,,Drying phase
1,13,1,PI 471938,,0.619409887,0.504806143,GC2,1GC2,,,Recovery phase
1,14,2,PI 471938,,0.866901695,0.746376465,GC2,1GC2,,,Recovery phase
1,15,3,PI 471938,,1.01793679,0.92782951,GC2,1GC2,,,Recovery phase
1,16,4,PI 471938,,0.965528728,0.910368734,GC2,1GC2,,,Recovery phase
1,17,5,PI 471938,,0.956215775,0.914961134,GC2,1GC2,,,Recovery phase
9,1,,PI 471938,0.808510638,1,1,GC2,9GC2,,,Drying phase
9,2,,PI 471938,0.595744681,0.882574173,0.915522264,GC2,9GC2,,,Drying phase
9,3,,PI 471938,0.590425532,0.782245942,0.791768045,GC2,9GC2,,,Drying phase
9,4,,PI 471938,0.494680851,0.717754499,0.70433145,GC2,9GC2,,,Drying phase
9,5,,PI 471938,0.329787234,0.584319843,0.553082756,GC2,9GC2,,,Drying phase
9,6,,PI 471938,0.223404255,0.477837078,0.420875421,GC2,9GC2,,,Drying phase
9,7,,PI 471938,0.154255319,0.4029968,0.331790123,GC2,9GC2,,,Drying phase
9,8,,PI 471938,0.170212766,0.452027968,0.363572433,GC2,9GC2,,,Drying phase
9,9,,PI 471938,0.132978723,0.430608879,0.329383282,GC2,9GC2,,,Drying phase
9,10,,PI 471938,0.095744681,0.356460703,0.256944444,GC2,9GC2,,,Drying phase
9,11,,PI 471938,0.069148936,0.344800735,0.238183618,GC2,9GC2,,,Drying phase
9,12,0,PI 471938,0,0.129072564,0.084335928,GC2,9GC2,,,Drying phase
9,13,1,PI 471938,,0.625251712,0.397158164,GC2,9GC2,,,Recovery phase
9,14,2,PI 471938,,0.981072167,0.649141631,GC2,9GC2,,,Recovery phase
9,15,3,PI 471938,,1.178095048,0.816080055,GC2,9GC2,,,Recovery phase
9,16,4,PI 471938,,1.053961715,0.75089267,GC2,9GC2,,,Recovery phase
9,17,5,PI 471938,,1.084049584,0.795597484,GC2,9GC2,,,Recovery phase
21,1,,PI 471938,0.843434343,1.041183113,1.052594335,GC2,21GC2,,,Drying phase
21,2,,PI 471938,0.636363636,0.979517399,0.99320548,GC2,21GC2,,,Drying phase
21,3,,PI 471938,0.585858586,0.979299488,0.954200186,GC2,21GC2,,,Drying phase
21,4,,PI 471938,0.505050505,0.87689013,0.835629838,GC2,21GC2,,,Drying phase
21,5,,PI 471938,0.358585859,0.710487281,0.653904205,GC2,21GC2,,,Drying phase
21,6,,PI 471938,0.267676768,0.568260049,0.493885905,GC2,21GC2,,,Drying phase
21,7,,PI 471938,0.202020202,0.489034109,0.405569502,GC2,21GC2,,,Drying phase
21,8,,PI 471938,0.227272727,0.534255558,0.425507714,GC2,21GC2,,,Drying phase
21,9,,PI 471938,0.181818182,0.549264378,0.41976054,GC2,21GC2,,,Drying phase
21,10,,PI 471938,0.156565657,0.517145284,0.38198988,GC2,21GC2,,,Drying phase
21,11,,PI 471938,0.106060606,0.471811514,0.332740504,GC2,21GC2,,,Drying phase
21,12,0,PI 471938,0,0.249642363,0.166529204,GC2,21GC2,,,Drying phase
21,13,1,PI 471938,,0.765467586,0.501133706,GC2,21GC2,,,Recovery phase
21,14,2,PI 471938,,1.006865838,0.705324184,GC2,21GC2,,,Recovery phase
21,15,3,PI 471938,,1.205597114,0.881555664,GC2,21GC2,,,Recovery phase
21,16,4,PI 471938,,1.155017266,0.861382766,GC2,21GC2,,,Recovery phase
21,17,5,PI 471938,,1.284383926,1.00070137,GC2,21GC2,,,Recovery phase
28,1,,PI 471938,0.809322034,1.032959406,1.013266619,GC2,28GC2,,,Drying phase
28,2,,PI 471938,0.61440678,0.980843174,0.983328238,GC2,28GC2,,,Drying phase
28,3,,PI 471938,0.56779661,0.98619742,1.003405143,GC2,28GC2,,,Drying phase
28,4,,PI 471938,0.512711864,0.929294813,0.948768668,GC2,28GC2,,,Drying phase
28,5,,PI 471938,0.347457627,0.795442678,0.801125405,GC2,28GC2,,,Drying phase
28,6,,PI 471938,0.245762712,0.667701775,0.641394358,GC2,28GC2,,,Drying phase
28,7,,PI 471938,0.199152542,0.608611435,0.569180632,GC2,28GC2,,,Drying phase
28,8,,PI 471938,0.194915254,0.615497116,0.570621595,GC2,28GC2,,,Drying phase
28,9,,PI 471938,0.144067797,0.534418052,0.465834093,GC2,28GC2,,,Drying phase
28,10,,PI 471938,0.110169492,0.461470049,0.382789612,GC2,28GC2,,,Drying phase
28,11,,PI 471938,0.063559322,0.352806631,0.281337576,GC2,28GC2,,,Drying phase
28,12,0,PI 471938,0,0.104579911,0.078881336,GC2,28GC2,,,Drying phase
28,13,1,PI 471938,,0.667755687,0.498490356,GC2,28GC2,,,Recovery phase
28,14,2,PI 471938,,1.041721374,0.807907385,GC2,28GC2,,,Recovery phase
28,15,3,PI 471938,,1.226456488,0.979467755,GC2,28GC2,,,Recovery phase
28,16,4,PI 471938,,1.1379129,0.922389735,GC2,28GC2,,,Recovery phase
28,17,5,PI 471938,,1.128030162,0.934669418,GC2,28GC2,,,Recovery phase
2,1,,93705-36,0.783464567,1.002825662,0.956597583,GC2,2GC2,,,Drying phase
2,2,,93705-36,0.598425197,0.975721271,0.975311769,GC2,2GC2,,,Drying phase
2,3,,93705-36,0.531496063,1.0147246,1.027069288,GC2,2GC2,,,Drying phase
2,4,,93705-36,0.484251969,1.006728467,1.04102136,GC2,2GC2,,,Drying phase
2,5,,93705-36,0.311023622,0.8466486,0.864172001,GC2,2GC2,,,Drying phase
2,6,,93705-36,0.216535433,0.748681561,0.766168243,GC2,2GC2,,,Drying phase
2,7,,93705-36,0.18503937,0.61975513,0.620906191,GC2,2GC2,,,Drying phase
2,8,,93705-36,0.177165354,0.603861686,0.577518456,GC2,2GC2,,,Drying phase
2,9,,93705-36,0.114173228,0.533726422,0.491780422,GC2,2GC2,,,Drying phase
2,10,,93705-36,0.118110236,0.573006759,0.524732178,GC2,2GC2,,,Drying phase
2,11,,93705-36,0.078740157,0.340692928,0.297905448,GC2,2GC2,,,Drying phase
2,12,0,93705-36,0,0.116789773,0.099642474,GC2,2GC2,,,Drying phase
2,13,1,93705-36,,0.689608791,0.577100085,GC2,2GC2,,,Recovery phase
2,14,2,93705-36,,1.057204874,0.901764389,GC2,2GC2,,,Recovery phase
2,15,3,93705-36,,1.290268013,1.146807566,GC2,2GC2,,,Recovery phase
2,16,4,93705-36,,1.158898376,1.036724418,GC2,2GC2,,,Recovery phase
2,17,5,93705-36,,1.181425511,1.082279107,GC2,2GC2,,,Recovery phase
20,1,,93705-36,0.652406417,1,1,GC2,20GC2,,,Drying phase
20,2,,93705-36,0.411764706,0.902174279,0.913084465,GC2,20GC2,,,Drying phase
20,3,,93705-36,0.395721925,0.797101866,0.76961192,GC2,20GC2,,,Drying phase
20,4,,93705-36,0.368983957,0.747462228,0.710517359,GC2,20GC2,,,Drying phase
20,5,,93705-36,0.20855615,0.592597826,0.530832804,GC2,20GC2,,,Drying phase
20,6,,93705-36,0.101604278,0.479293337,0.404603271,GC2,20GC2,,,Drying phase
20,7,,93705-36,0.064171123,0.392039482,0.311845039,GC2,20GC2,,,Drying phase
20,8,,93705-36,0.069518717,0.513561207,0.395651522,GC2,20GC2,,,Drying phase
20,9,,93705-36,0.037433155,0.468751847,0.344376611,GC2,20GC2,,,Drying phase
20,10,,93705-36,0.042780749,0.45328821,0.323498035,GC2,20GC2,,,Drying phase
20,11,0,93705-36,0,0.307984644,0.210808679,GC2,20GC2,,,Drying phase
20,12,1,93705-36,,0.68384206,0.484760522,GC2,20GC2,,,Recovery phase
20,13,2,93705-36,,1.094295436,0.79734748,GC2,20GC2,,,Recovery phase
20,14,3,93705-36,,1.038860053,0.793244491,GC2,20GC2,,,Recovery phase
20,15,4,93705-36,,0.999154682,0.770769231,GC2,20GC2,,,Recovery phase
20,16,5,93705-36,,0.896206536,0.692608897,GC2,20GC2,,,Recovery phase
25,1,,93705-36,0.75462963,1.034090921,1.04674785,GC2,25GC2,,,Drying phase
25,2,,93705-36,0.550925926,1.007772223,1.002407255,GC2,25GC2,,,Drying phase
25,3,,93705-36,0.513888889,0.958136855,0.950844894,GC2,25GC2,,,Drying phase
25,4,,93705-36,0.449074074,0.92068783,0.904827788,GC2,25GC2,,,Drying phase
25,5,,93705-36,0.291666667,0.741531544,0.708713421,GC2,25GC2,,,Drying phase
25,6,,93705-36,0.212962963,0.612327066,0.564856616,GC2,25GC2,,,Drying phase
25,7,,93705-36,0.171296296,0.538377597,0.472031186,GC2,25GC2,,,Drying phase
25,8,,93705-36,0.138888889,0.580557142,0.49505795,GC2,25GC2,,,Drying phase
25,9,,93705-36,0.138888889,0.610119876,0.523530671,GC2,25GC2,,,Drying phase
25,10,,93705-36,0.134259259,0.587115533,0.487514054,GC2,25GC2,,,Drying phase
25,11,,93705-36,0.064814815,0.318525513,0.253711017,GC2,25GC2,,,Drying phase
25,12,0,93705-36,0,0.101911383,0.079203096,GC2,25GC2,,,Drying phase
25,13,1,93705-36,,0.627237478,0.492840942,GC2,25GC2,,,Recovery phase
25,14,2,93705-36,,1.080493898,0.882548788,GC2,25GC2,,,Recovery phase
25,15,3,93705-36,,1.235978007,1.069085736,GC2,25GC2,,,Recovery phase
25,16,4,93705-36,,1.098198629,0.968610586,GC2,25GC2,,,Recovery phase
25,17,5,93705-36,,1.207103593,1.113419688,GC2,25GC2,,,Recovery phase
26,1,,93705-36,0.689956332,1.019092196,1.028036056,GC2,26GC2,,,Drying phase
26,2,,93705-36,0.497816594,0.980907804,0.971963944,GC2,26GC2,,,Drying phase
26,3,,93705-36,0.480349345,0.906509318,0.893156056,GC2,26GC2,,,Drying phase
26,4,,93705-36,0.454148472,0.877207434,0.834550522,GC2,26GC2,,,Drying phase
26,5,,93705-36,0.257641921,0.740066586,0.674457947,GC2,26GC2,,,Drying phase
26,6,,93705-36,0.165938865,0.600407207,0.528354896,GC2,26GC2,,,Drying phase
26,7,,93705-36,0.135371179,0.503580046,0.424912127,GC2,26GC2,,,Drying phase
26,8,,93705-36,0.139737991,0.578268238,0.466642509,GC2,26GC2,,,Drying phase
26,9,,93705-36,0.109170306,0.579677265,0.456317567,GC2,26GC2,,,Drying phase
26,10,,93705-36,0.109170306,0.517675401,0.39712609,GC2,26GC2,,,Drying phase
26,11,,93705-36,0.074235808,0.382786526,0.28107325,GC2,26GC2,,,Drying phase
26,12,0,93705-36,0,0.100149786,0.07050937,GC2,26GC2,,,Drying phase
26,13,1,93705-36,,0.676044372,0.46852329,GC2,26GC2,,,Recovery phase
26,14,2,93705-36,,1.082983874,0.771455463,GC2,26GC2,,,Recovery phase
26,15,3,93705-36,,1.224224479,0.883841393,GC2,26GC2,,,Recovery phase
26,16,4,93705-36,,1.086170557,0.797521693,GC2,26GC2,,,Recovery phase
26,17,5,93705-36,,1.144529862,0.850940314,GC2,26GC2,,,Recovery phase
3,1,,N05-7432,0.792682927,0.957319217,0.931673805,GC2,3GC2,,,Drying phase
3,2,,N05-7432,0.609756098,1.002380082,1.002894762,GC2,3GC2,,,Drying phase
3,3,,N05-7432,0.56504065,1.040300701,1.065431433,GC2,3GC2,,,Drying phase
3,4,,N05-7432,0.512195122,0.931775813,0.983974106,GC2,3GC2,,,Drying phase
3,5,,N05-7432,0.31300813,0.762990508,0.791618266,GC2,3GC2,,,Drying phase
3,6,,N05-7432,0.235772358,0.650188704,0.684812627,GC2,3GC2,,,Drying phase
3,7,,N05-7432,0.18699187,0.572610618,0.590817535,GC2,3GC2,,,Drying phase
3,8,,N05-7432,0.166666667,0.610461463,0.628110211,GC2,3GC2,,,Drying phase
3,9,,N05-7432,0.12601626,0.531617773,0.538515827,GC2,3GC2,,,Drying phase
3,10,,N05-7432,0.117886179,0.430132935,0.419694167,GC2,3GC2,,,Drying phase
3,11,,N05-7432,0.06097561,0.289327942,0.269983493,GC2,3GC2,,,Drying phase
3,12,0,N05-7432,0,0.085251594,0.072551572,GC2,3GC2,,,Drying phase
3,13,1,N05-7432,,0.504622977,0.424081214,GC2,3GC2,,,Recovery phase
3,14,2,N05-7432,,0.898407236,0.778875919,GC2,3GC2,,,Recovery phase
3,15,3,N05-7432,,1.135717164,1.043946588,GC2,3GC2,,,Recovery phase
3,16,4,N05-7432,,0.994241008,0.921129342,GC2,3GC2,,,Recovery phase
3,17,5,N05-7432,,0.96834535,0.926016143,GC2,3GC2,,,Recovery phase
7,1,,N05-7432,0.761316872,0.926311046,0.904319181,GC2,7GC2,,,Drying phase
7,2,,N05-7432,0.534979424,1.047529135,1.061395124,GC2,7GC2,,,Drying phase
7,3,,N05-7432,0.580246914,1.02615982,1.034285695,GC2,7GC2,,,Drying phase
7,4,,N05-7432,0.502057613,0.886088544,0.877701557,GC2,7GC2,,,Drying phase
7,5,,N05-7432,0.29218107,0.766478589,0.743772609,GC2,7GC2,,,Drying phase
7,6,,N05-7432,0.201646091,0.631334375,0.600569571,GC2,7GC2,,,Drying phase
7,7,,N05-7432,0.160493827,0.540308967,0.494371293,GC2,7GC2,,,Drying phase
7,8,,N05-7432,0.164609053,0.564655233,0.505454176,GC2,7GC2,,,Drying phase
7,9,,N05-7432,0.12345679,0.481317928,0.413657613,GC2,7GC2,,,Drying phase
7,10,,N05-7432,0.098765432,0.397844732,0.331995894,GC2,7GC2,,,Drying phase
7,11,,N05-7432,0.0781893,0.342558372,0.277368315,GC2,7GC2,,,Drying phase
7,12,0,N05-7432,0,0.102430855,0.078434875,GC2,7GC2,,,Drying phase
7,13,1,N05-7432,,0.471418671,0.349885397,GC2,7GC2,,,Recovery phase
7,14,2,N05-7432,,0.816268405,0.615825488,GC2,7GC2,,,Recovery phase
7,15,3,N05-7432,,1.079718363,0.848773714,GC2,7GC2,,,Recovery phase
7,16,4,N05-7432,,0.927445405,0.730288182,GC2,7GC2,,,Recovery phase
7,17,5,N05-7432,,0.954635574,0.775222149,GC2,7GC2,,,Recovery phase
14,1,,N05-7432,0.804469274,0.997961924,1.017182131,GC2,14GC2,,,Drying phase
14,2,,N05-7432,0.597765363,1.002038076,0.982817869,GC2,14GC2,,,Drying phase
14,3,,N05-7432,0.553072626,0.961967336,0.879832684,GC2,14GC2,,,Drying phase
14,4,,N05-7432,0.491620112,0.825849879,0.717957659,GC2,14GC2,,,Drying phase
14,5,,N05-7432,0.268156425,0.649227953,0.529146366,GC2,14GC2,,,Drying phase
14,6,,N05-7432,0.206703911,0.533563851,0.409794464,GC2,14GC2,,,Drying phase
14,7,,N05-7432,0.150837989,0.38457214,0.276446711,GC2,14GC2,,,Drying phase
14,8,,N05-7432,0.195530726,0.576053156,0.399698772,GC2,14GC2,,,Drying phase
14,9,,N05-7432,0.156424581,0.474697656,0.316983871,GC2,14GC2,,,Drying phase
14,10,,N05-7432,0.184357542,0.447389278,0.284986373,GC2,14GC2,,,Drying phase
14,11,,N05-7432,0.067039106,0.405346868,0.246571067,GC2,14GC2,,,Drying phase
14,12,0,N05-7432,0,0.160510091,0.09233658,GC2,14GC2,,,Drying phase
14,13,1,N05-7432,,0.702490696,0.39730073,GC2,14GC2,,,Recovery phase
14,14,2,N05-7432,,1.071676618,0.615747504,GC2,14GC2,,,Recovery phase
14,15,3,N05-7432,,1.338062226,0.810718377,GC2,14GC2,,,Recovery phase
14,16,4,N05-7432,,1.265416518,0.791735251,GC2,14GC2,,,Recovery phase
14,17,5,N05-7432,,1.394561455,0.923380154,GC2,14GC2,,,Recovery phase
16,1,,N05-7432,0.827102804,0.95219438,0.952009132,GC2,16GC2,,,Drying phase
16,2,,N05-7432,0.640186916,0.994386402,1.017029478,GC2,16GC2,,,Drying phase
16,3,,N05-7432,0.593457944,1.053419218,1.030961389,GC2,16GC2,,,Drying phase
16,4,,N05-7432,0.53271028,0.869653723,0.864879897,GC2,16GC2,,,Drying phase
16,5,,N05-7432,0.327102804,0.710971249,0.693339984,GC2,16GC2,,,Drying phase
16,6,,N05-7432,0.26635514,0.585120875,0.557482825,GC2,16GC2,,,Drying phase
16,7,,N05-7432,0.186915888,0.50085522,0.465022259,GC2,16GC2,,,Drying phase
16,8,,N05-7432,0.177570093,0.482413751,0.438122523,GC2,16GC2,,,Drying phase
16,9,,N05-7432,0.144859813,0.558577342,0.508181623,GC2,16GC2,,,Drying phase
16,10,,N05-7432,0.163551402,0.456795059,0.40369446,GC2,16GC2,,,Drying phase
16,11,,N05-7432,0.070093458,0.333182938,0.281675533,GC2,16GC2,,,Drying phase
16,12,0,N05-7432,0,0.130794009,0.102186261,GC2,16GC2,,,Drying phase
16,13,1,N05-7432,,0.616170773,0.484479122,GC2,16GC2,,,Recovery phase
16,14,2,N05-7432,,0.962493637,0.794160644,GC2,16GC2,,,Recovery phase
16,15,3,N05-7432,,1.229569099,1.107997115,GC2,16GC2,,,Recovery phase
16,16,4,N05-7432,,1.111136897,1.03913159,GC2,16GC2,,,Recovery phase
16,17,5,N05-7432,,1.137002656,1.129526769,GC2,16GC2,,,Recovery phase
4,1,,Geden Shirazu,0.679144385,1,1,GC2,4GC2,,,Drying phase
4,2,,Geden Shirazu,0.556149733,0.796563778,0.767731481,GC2,4GC2,,,Drying phase
4,3,,Geden Shirazu,0.529411765,0.749760845,0.679777778,GC2,4GC2,,,Drying phase
4,4,,Geden Shirazu,0.443850267,0.739374137,0.639205955,GC2,4GC2,,,Drying phase
4,5,,Geden Shirazu,0.272727273,0.554732479,0.448259861,GC2,4GC2,,,Drying phase
4,6,,Geden Shirazu,0.197860963,0.469122965,0.354820937,GC2,4GC2,,,Drying phase
4,7,,Geden Shirazu,0.106951872,0.348909101,0.242999358,GC2,4GC2,,,Drying phase
4,8,,Geden Shirazu,0.14973262,0.507127437,0.337457742,GC2,4GC2,,,Drying phase
4,9,,Geden Shirazu,0.090909091,0.398198626,0.248366606,GC2,4GC2,,,Drying phase
4,10,,Geden Shirazu,0.064171123,0.389065589,0.230879541,GC2,4GC2,,,Drying phase
4,11,,Geden Shirazu,0.080213904,0.390349988,0.220098895,GC2,4GC2,,,Drying phase
4,12,0,Geden Shirazu,0,0.134614189,0.070614035,GC2,4GC2,,,Drying phase
4,13,1,Geden Shirazu,,0.738852921,0.385322953,GC2,4GC2,,,Recovery phase
4,14,2,Geden Shirazu,,1.034838441,0.547322503,GC2,4GC2,,,Recovery phase
4,15,3,Geden Shirazu,,1.280746812,0.690858209,GC2,4GC2,,,Recovery phase
4,16,4,Geden Shirazu,,1.166437222,0.631372549,GC2,4GC2,,,Recovery phase
4,17,5,Geden Shirazu,,1.307770942,0.732239493,GC2,4GC2,,,Recovery phase
8,1,,Geden Shirazu,0.793577982,0.974695964,0.964630225,GC2,8GC2,,,Drying phase
8,2,,Geden Shirazu,0.619266055,1.025304036,1.035369775,GC2,8GC2,,,Drying phase
8,3,,Geden Shirazu,0.568807339,0.93195695,0.929531976,GC2,8GC2,,,Drying phase
8,4,,Geden Shirazu,0.509174312,0.814956336,0.796438288,GC2,8GC2,,,Drying phase
8,5,,Geden Shirazu,0.348623853,0.710305665,0.680637516,GC2,8GC2,,,Drying phase
8,6,,Geden Shirazu,0.23853211,0.571354048,0.527667792,GC2,8GC2,,,Drying phase
8,7,,Geden Shirazu,0.201834862,0.510497893,0.452184616,GC2,8GC2,,,Drying phase
8,8,,Geden Shirazu,0.183486239,0.524028709,0.448030193,GC2,8GC2,,,Drying phase
8,9,,Geden Shirazu,0.146788991,0.51259872,0.42592344,GC2,8GC2,,,Drying phase
8,10,,Geden Shirazu,0.128440367,0.524026961,0.422330565,GC2,8GC2,,,Drying phase
8,11,,Geden Shirazu,0.068807339,0.344462982,0.258993021,GC2,8GC2,,,Drying phase
8,12,0,Geden Shirazu,0,0.128912245,0.09082191,GC2,8GC2,,,Drying phase
8,13,1,Geden Shirazu,,0.619786176,0.423940335,GC2,8GC2,,,Recovery phase
8,14,2,Geden Shirazu,,0.942678096,0.66034414,GC2,8GC2,,,Recovery phase
8,15,3,Geden Shirazu,,1.252176324,0.920757947,GC2,8GC2,,,Recovery phase
8,16,4,Geden Shirazu,,1.212306235,0.899844425,GC2,8GC2,,,Recovery phase
8,17,5,Geden Shirazu,,1.370007443,1.06100069,GC2,8GC2,,,Recovery phase
24,1,,Geden Shirazu,0.763819095,1,1,GC2,24GC2,,,Drying phase
24,2,,Geden Shirazu,0.608040201,0.892045053,0.865898345,GC2,24GC2,,,Drying phase
24,3,,Geden Shirazu,0.567839196,0.779272142,0.712510638,GC2,24GC2,,,Drying phase
24,4,,Geden Shirazu,0.522613065,0.726304499,0.586505464,GC2,24GC2,,,Drying phase
24,5,,Geden Shirazu,0.376884422,0.624592937,0.468924322,GC2,24GC2,,,Drying phase
24,6,,Geden Shirazu,0.251256281,0.455991625,0.318489538,GC2,24GC2,,,Drying phase
24,7,,Geden Shirazu,0.206030151,0.39920712,0.257409913,GC2,24GC2,,,Drying phase
24,8,,Geden Shirazu,0.286432161,0.50121444,0.305726986,GC2,24GC2,,,Drying phase
24,9,,Geden Shirazu,0.226130653,0.45563298,0.261111326,GC2,24GC2,,,Drying phase
24,10,,Geden Shirazu,0.170854271,0.526416367,0.268540743,GC2,24GC2,,,Drying phase
24,11,,Geden Shirazu,0.226130653,0.485131541,0.233151387,GC2,24GC2,,,Drying phase
24,12,,Geden Shirazu,0.100502513,0.329397918,0.150242628,GC2,24GC2,,,Drying phase
24,13,0,Geden Shirazu,0,0.272658053,0.118530516,GC2,24GC2,,,Drying phase
24,14,1,Geden Shirazu,,0.709819197,0.315346801,GC2,24GC2,,,Recovery phase
24,15,2,Geden Shirazu,,1.05463089,0.485709749,GC2,24GC2,,,Recovery phase
24,16,3,Geden Shirazu,,1.100095123,0.506477692,GC2,24GC2,,,Recovery phase
24,17,4,Geden Shirazu,,1.354282552,0.662624481,GC2,24GC2,,,Recovery phase
24,18,5,Geden Shirazu,,1.274059816,0.628768707,GC2,24GC2,,,Recovery phase
30,1,,Geden Shirazu,0.761538462,0.933551699,0.918384392,GC2,30GC2,,,Drying phase
30,2,,Geden Shirazu,0.561538462,1.073284784,1.0731766,GC2,30GC2,,,Drying phase
30,3,,Geden Shirazu,0.538461538,1.053244738,1.055687796,GC2,30GC2,,,Drying phase
30,4,,Geden Shirazu,0.496153846,0.939918779,0.952751213,GC2,30GC2,,,Drying phase
30,5,,Geden Shirazu,0.292307692,0.795675273,0.791256786,GC2,30GC2,,,Drying phase
30,6,,Geden Shirazu,0.215384615,0.65292239,0.640555362,GC2,30GC2,,,Drying phase
30,7,,Geden Shirazu,0.157692308,0.552053804,0.528432066,GC2,30GC2,,,Drying phase
30,8,,Geden Shirazu,0.161538462,0.604573226,0.575650283,GC2,30GC2,,,Drying phase
30,9,,Geden Shirazu,0.123076923,0.521571968,0.476101738,GC2,30GC2,,,Drying phase
30,10,,Geden Shirazu,0.107692308,0.472484235,0.428632251,GC2,30GC2,,,Drying phase
30,11,,Geden Shirazu,0.069230769,0.340809804,0.29134133,GC2,30GC2,,,Drying phase
30,12,0,Geden Shirazu,0,0.094981242,0.075310639,GC2,30GC2,,,Drying phase
30,13,1,Geden Shirazu,,0.736374065,0.577642153,GC2,30GC2,,,Recovery phase
30,14,2,Geden Shirazu,,1.092570232,0.869561465,GC2,30GC2,,,Recovery phase
30,15,3,Geden Shirazu,,1.186906529,0.987749607,GC2,30GC2,,,Recovery phase
30,16,4,Geden Shirazu,,1.02679975,0.853081558,GC2,30GC2,,,Recovery phase
30,17,5,Geden Shirazu,,0.785776148,0.646665616,GC2,30GC2,,,Recovery phase
6,1,,Benning,0.791666667,0.890362496,0.852620003,GC2,6GC2,,,Drying phase
6,2,,Benning,0.616666667,1.059906811,1.058882567,GC2,6GC2,,,Drying phase
6,3,,Benning,0.545833333,1.030598932,1.054903488,GC2,6GC2,,,Drying phase
6,4,,Benning,0.5125,1.01913176,1.033593942,GC2,6GC2,,,Drying phase
6,5,,Benning,0.304166667,0.856101804,0.861061785,GC2,6GC2,,,Drying phase
6,6,,Benning,0.229166667,0.724318408,0.709936656,GC2,6GC2,,,Drying phase
6,7,,Benning,0.191666667,0.640021314,0.609324614,GC2,6GC2,,,Drying phase
6,8,,Benning,0.170833333,0.64038973,0.585949491,GC2,6GC2,,,Drying phase
6,9,,Benning,0.108333333,0.556625992,0.492814362,GC2,6GC2,,,Drying phase
6,10,,Benning,0.095833333,0.509664555,0.438137236,GC2,6GC2,,,Drying phase
6,11,,Benning,0.0625,0.389772135,0.319651454,GC2,6GC2,,,Drying phase
6,12,0,Benning,0,0.109399401,0.085597677,GC2,6GC2,,,Drying phase
6,13,1,Benning,,0.672252055,0.524454531,GC2,6GC2,,,Recovery phase
6,14,2,Benning,,1.075055641,0.861061785,GC2,6GC2,,,Recovery phase
6,15,3,Benning,,1.379879328,1.170255898,GC2,6GC2,,,Recovery phase
6,16,4,Benning,,1.190740164,1.014350869,GC2,6GC2,,,Recovery phase
6,17,5,Benning,,1.228916414,1.081682093,GC2,6GC2,,,Recovery phase
13,1,,Benning,0.738219895,1,1,GC2,13GC2,,,Drying phase
13,2,,Benning,0.570680628,0.926936515,0.936526946,GC2,13GC2,,,Drying phase
13,3,,Benning,0.534031414,0.860956389,0.84756447,GC2,13GC2,,,Drying phase
13,4,,Benning,0.460732984,0.836664449,0.795543175,GC2,13GC2,,,Drying phase
13,5,,Benning,0.32460733,0.616606211,0.555445545,GC2,13GC2,,,Drying phase
13,6,,Benning,0.235602094,0.519120365,0.439455782,GC2,13GC2,,,Drying phase
13,7,,Benning,0.157068063,0.40394413,0.324840764,GC2,13GC2,,,Drying phase
13,8,,Benning,0.151832461,0.486362179,0.36893617,GC2,13GC2,,,Drying phase
13,9,,Benning,0.12565445,0.507121819,0.374,GC2,13GC2,,,Drying phase
13,10,,Benning,0.115183246,0.516991179,0.366045549,GC2,13GC2,,,Drying phase
13,11,,Benning,0.068062827,0.374689521,0.252091255,GC2,13GC2,,,Drying phase
13,12,0,Benning,0,0.135547397,0.087007874,GC2,13GC2,,,Drying phase
13,13,1,Benning,,0.870447914,0.567793241,GC2,13GC2,,,Recovery phase
13,14,2,Benning,,1.254604707,0.861782178,GC2,13GC2,,,Recovery phase
13,15,3,Benning,,1.507078403,1.100819672,GC2,13GC2,,,Recovery phase
13,16,4,Benning,,1.372406622,1.039410681,GC2,13GC2,,,Recovery phase
13,17,5,Benning,,1.378832371,1.09738806,GC2,13GC2,,,Recovery phase
18,1,,Benning,0.668341709,0.988618276,0.968881857,GC2,18GC2,,,Drying phase
18,2,,Benning,0.477386935,1.011381724,1.031118143,GC2,18GC2,,,Drying phase
18,3,,Benning,0.48241206,0.9327163,0.922444174,GC2,18GC2,,,Drying phase
18,4,,Benning,0.43718593,0.850237801,0.827233897,GC2,18GC2,,,Drying phase
18,5,,Benning,0.271356784,0.63512479,0.574483279,GC2,18GC2,,,Drying phase
18,6,,Benning,0.170854271,0.529263143,0.452717421,GC2,18GC2,,,Drying phase
18,7,,Benning,0.140703518,0.433224727,0.349702581,GC2,18GC2,,,Drying phase
18,8,,Benning,0.135678392,0.482686402,0.376995616,GC2,18GC2,,,Drying phase
18,9,,Benning,0.110552764,0.499682108,0.374340717,GC2,18GC2,,,Drying phase
18,10,,Benning,0.100502513,0.516265914,0.37201562,GC2,18GC2,,,Drying phase
18,11,,Benning,0.075376884,0.381337835,0.260947268,GC2,18GC2,,,Drying phase
18,12,0,Benning,0,0.112870216,0.073689118,GC2,18GC2,,,Drying phase
18,13,1,Benning,,0.748092058,0.471336887,GC2,18GC2,,,Recovery phase
18,14,2,Benning,,1.075134958,0.701734414,GC2,18GC2,,,Recovery phase
18,15,3,Benning,,1.307275948,0.905168128,GC2,18GC2,,,Recovery phase
18,16,4,Benning,,1.140953621,0.804292517,GC2,18GC2,,,Recovery phase
18,17,5,Benning,,1.205096008,0.879980044,GC2,18GC2,,,Recovery phase
34,1,,Benning,0.761538462,0.939435147,0.930406801,GC2,34GC2,,,Drying phase
34,2,,Benning,0.561538462,1.060564853,1.069593199,GC2,34GC2,,,Drying phase
34,3,,Benning,0.538461538,0.867992354,0.867343955,GC2,34GC2,,,Drying phase
34,4,,Benning,0.496153846,0.870131464,0.843183956,GC2,34GC2,,,Drying phase
34,5,,Benning,0.292307692,0.654104976,0.594011853,GC2,34GC2,,,Drying phase
34,6,,Benning,0.215384615,0.516427531,0.439049577,GC2,34GC2,,,Drying phase
34,7,,Benning,0.157692308,0.410487293,0.330025694,GC2,34GC2,,,Drying phase
34,8,,Benning,0.161538462,0.475975262,0.37134358,GC2,34GC2,,,Drying phase
34,9,,Benning,0.123076923,0.462140797,0.349062965,GC2,34GC2,,,Drying phase
34,10,,Benning,0.107692308,0.470452665,0.344410599,GC2,34GC2,,,Drying phase
34,11,,Benning,0.069230769,0.350678027,0.243672163,GC2,34GC2,,,Drying phase
34,12,0,Benning,0,0.089072629,0.059050391,GC2,34GC2,,,Drying phase
34,13,1,Benning,,0.713592463,0.471677404,GC2,34GC2,,,Recovery phase
34,14,2,Benning,,1.116207822,0.756015086,GC2,34GC2,,,Recovery phase
34,15,3,Benning,,1.317457659,0.92764556,GC2,34GC2,,,Recovery phase
34,16,4,Benning,,1.208952826,0.863818342,GC2,34GC2,,,Recovery phase
34,17,5,Benning,,1.275730471,0.941240797,GC2,34GC2,,,Recovery phase
